Workbook

Sheet Master
F1: 전체 현황
E23: 1월 | K23: 2월 | P23: 3월 | V23: 4월 | AB23: 5월 | AI23: 6월 | AO23: 7월 | AU23: 8월 | BB23: 9월 | BH23: 10월 | BN23: 11월 | BT23: 12월
E24: 실적 | F24: W1 | G24: W2 | H24: W3 | I24: W4 | J24: W5 | K24: 실적 | L24: W6 | M24: W7 | N24: W8 | O24: W9 | P24: 실적 | Q24: W10 | R24: W11 | S24: W12 | T24: W13 | U24: W14 | V24: 실적 | W24: W14 | X24: W15 | Y24: W16 | Z24: W17 | AA24: W18 | AB24: 실적 | AC24: W18 | AD24: W19 | AE24: W20 | AF24: W21 | AG24: W22 | AH24: W23 | AI24: 실적 | AJ24: W23 | AK24: W24 | AL24: W25 | AM24: W26 | AN24: W27 | AO24: 실적 | AP24: W27 | AQ24: W28 | AR24: W29 | AS24: W30 | AT24: W31 | AU24: 실적 | AV24: W31 | AW24: W32 | AX24: W33 | AY24: W34 | AZ24: W35 | BA24: W36 | BB24: 실적 | BC24: W36 | BD24: W37 | BE24: W38 | BF24: W39 | BG24: W40 | BH24: 실적 | BI24: W40 | BJ24: W41 | BK24: W42 | BL24: W43 | BM24: W44 | BN24: 실적 | BO24: W45 | BP24: W46 | BQ24: W47 | BR24: W48 | BS24: W49 | BT24: 실적 | BU24: W49 | BV24: W50 | BW24: W51 | BX24: W52 | BY24: W53
B25: 합계 | D25: 목표 | E25: =SUM(E31,E33,E35,E37,E39,E41,E43,E45,E47,E49) | F25: =SUM(F31,F33,F35,F37,F39,F41,F43,F45,F47,F49) | G25: =SUM(G31,G33,G35,G37,G39,G41,G43,G45,G47,G49) | H25: =SUM(H31,H33,H35,H37,H39,H41,H43,H45,H47,H49) | I25: =SUM(I31,I33,I35,I37,I39,I41,I43,I45,I47,I49) | J25: =SUM(J31,J33,J35,J37,J39,J41,J43,J45,J47,J49) | K25: =SUM(K31,K33,K35,K37,K39,K41,K43,K45,K47,K49) | L25: =SUM(L31,L33,L35,L37,L39,L41,L43,L45,L47,L49) | ... AA25: =SUM(AA31,AA33,AA35,AA37,AA39,AA41,AA43,AA45,AA47,AA49)
D26: 실적 | E26: =SUM(E32,E34,E36,E38,E40,E42,E44,E46,E48,E50) | F26: =SUM(F32,F34,F36,F38,F40,F42,F44,F46,F48,F50) | G26: =SUM(G32,G34,G36,G38,G40,G42,G44,G46,G48,G50) | H26: =SUM(H32,H34,H36,H38,H40,H42,H44,H46,H48,H50) | I26: =SUM(I32,I34,I36,I38,I40,I42,I44,I46,I48,I50) | J26: =SUM(J32,J34,J36,J38,J40,J42,J44,J46,J48,J50) | K26: =SUM(K32,K34,K36,K38,K40,K42,K44,K46,K48,K50) | L26: =SUM(L32,L34,L36,L38,L40,L42,L44,L46,L48,L50) | ... AA26: =SUM(AA32,AA34,AA36,AA38,AA40,AA42,AA44,AA46,AA48,AA50)
D27: 달성율 | E27: =E26/E25 | F27: =F26/F25 | G27: =G26/G25 | H27: =H26/H25 | I27: =I26/I25 | J27: =J26/J25 | K27: =K26/K25 | L27: =L26/L25 | ... AA27: =AA26/AA25
B28: 합계 (고정비 제외) | D28: 목표 | E28: =SUM(E31,E33,E35,E37,E39,E41,E43,E45,E47) | F28: =SUM(F31,F33,F35,F37,F39,F41,F43,F45,F47) | G28: =SUM(G31,G33,G35,G37,G39,G41,G43,G45,G47) | H28: =SUM(H31,H33,H35,H37,H39,H41,H43,H45,H47) | I28: =SUM(I31,I33,I35,I37,I39,I41,I43,I45,I47) | J28: =SUM(J31,J33,J35,J37,J39,J41,J43,J45,J47) | K28: =SUM(K31,K33,K35,K37,K39,K41,K43,K45,K47) | L28: =SUM(L31,L33,L35,L37,L39,L41,L43,L45,L47) | ... AA28: =SUM(AA31,AA33,AA35,AA37,AA39,AA41,AA43,AA45,AA47)
D29: 실적 | E29: =SUM(E32,E34,E36,E38,E40,E42,E44,E46,E48) | F29: =SUM(F32,F34,F36,F38,F40,F42,F44,F46,F48) | G29: =SUM(G32,G34,G36,G38,G40,G42,G44,G46,G48) | H29: =SUM(H32,H34,H36,H38,H40,H42,H44,H46,H48) | I29: =SUM(I32,I34,I36,I38,I40,I42,I44,I46,I48) | J29: =SUM(J32,J34,J36,J38,J40,J42,J44,J46,J48) | K29: =SUM(K32,K34,K36,K38,K40,K42,K44,K46,K48) | L29: =SUM(L32,L34,L36,L38,L40,L42,L44,L46,L48) | ... AA29: =SUM(AA32,AA34,AA36,AA38,AA40,AA42,AA44,AA46,AA48)
D30: 달성율 | E30: =E29/E28 | F30: =F29/F28 | G30: =G29/G28 | H30: =H29/H28 | I30: =I29/I28 | J30: =J29/J28 | K30: =K29/K28 | L30: =L29/L28 | ... AA30: =AA29/AA28
B31: 재료비 | C31: 시스템 반영 VI | D31: 목표 | E31: =재료비!G24 | F31: =재료비!H24 | G31: =재료비!I24 | H31: =재료비!J24 | I31: =재료비!K24 | J31: =재료비!L24 | K31: =재료비!M24 | L31: =재료비!N24 | ... AA31: =재료비!AC24
D32: 실적 | E32: =재료비!G25 | F32: =재료비!H25 | G32: =재료비!I25 | H32: =재료비!J25 | I32: =재료비!K25 | J32: =재료비!L25 | K32: =재료비!M25 | L32: =재료비!N25 | ... AA32: =재료비!AC25
C33: 시스템 미반영 VI | D33: 목표 | E33: =재료비!G36 | F33: =재료비!H36 | G33: =재료비!I36 | H33: =재료비!J36 | I33: =재료비!K36 | J33: =재료비!L36 | K33: =재료비!M36 | L33: =재료비!N36 | ... AA33: =재료비!AC36
D34: 실적 | E34: =재료비!G37 | F34: =재료비!H37 | G34: =재료비!I37 | H34: =재료비!J37 | I34: =재료비!K37 | J34: =재료비!L37 | K34: =재료비!M37 | L34: =재료비!N37 | ... AA34: =재료비!AC37
B35: 가공비 | D35: 목표 | E35: =가공비!G6 | F35: =가공비!H6 | G35: =가공비!I6 | H35: =가공비!J6 | I35: =가공비!K6 | J35: =가공비!L6 | K35: =가공비!M6 | L35: =가공비!N6 | ... AA35: =가공비!AC6
D36: 실적 | E36: =가공비!G7 | F36: =가공비!H7 | G36: =가공비!I7 | H36: =가공비!J7 | I36: =가공비!K7 | J36: =가공비!L7 | K36: =가공비!M7 | L36: =가공비!N7 | ... AA36: =가공비!AC7
B37: 물류비 | D37: 목표 | E37: =물류비!E9 | F37: =물류비!F9 | G37: =물류비!G9 | H37: =물류비!H9 | I37: =물류비!I9 | J37: =물류비!J9 | K37: =물류비!K9 | L37: =물류비!L9 | ... AA37: =물류비!AA9
D38: 실적 | E38: =물류비!E10 | F38: =물류비!F10 | G38: =물류비!G10 | H38: =물류비!H10 | I38: =물류비!I10 | J38: =물류비!J10 | K38: =물류비!K10 | L38: =물류비!L10 | ... AA38: =물류비!AA10
B39: 투자비 | C39: 설비 | D39: 목표 | E39: =투자비!F8 | F39: =투자비!G8 | G39: =투자비!H8 | H39: =투자비!I8 | I39: =투자비!J8 | J39: =투자비!K8 | K39: =투자비!L8 | L39: =투자비!M8 | ... AA39: =투자비!AB8
D40: 실적 | E40: =투자비!F12 | F40: =투자비!G12 | G40: =투자비!H12 | H40: =투자비!I12 | I40: =투자비!J12 | J40: =투자비!K12 | K40: =투자비!L12 | L40: =투자비!M12 | ... AA40: =투자비!AB12
C41: 금형 | D41: 목표 | E41: =투자비!F16 | F41: =투자비!G16 | G41: =투자비!H16 | H41: =투자비!I16 | I41: =투자비!J16 | J41: =투자비!K16 | K41: =투자비!L16 | L41: =투자비!M16 | ... AA41: =투자비!AB16
D42: 실적 | E42: =투자비!F20 | F42: =투자비!G20 | G42: =투자비!H20 | H42: =투자비!I20 | I42: =투자비!J20 | J42: =투자비!K20 | K42: =투자비!L20 | L42: =투자비!M20 | ... AA42: =투자비!AB20
B43: 매출 | C43: 지역1 | D43: 목표 | E43: =매출_지역1!E5 | F43: =매출_지역1!F5 | G43: =매출_지역1!G5 | H43: =매출_지역1!H5 | I43: =매출_지역1!I5 | J43: =매출_지역1!J5 | K43: =매출_지역1!K5 | L43: =매출_지역1!L5 | ... AA43: =매출_지역1!AA5
D44: 실적 | E44: =매출_지역1!E6 | F44: =매출_지역1!F6 | G44: =매출_지역1!G6 | H44: =매출_지역1!H6 | I44: =매출_지역1!I6 | J44: =매출_지역1!J6 | K44: =매출_지역1!K6 | L44: =매출_지역1!L6 | ... AA44: =매출_지역1!AA6
C45: 지역2 | D45: 목표 | E45: =매출_지역2!F15 | K45: =매출_지역2!G15 | P45: =매출_지역2!H15 | V45: =매출_지역2!I15
D46: 실적 | E46: =매출_지역2!F20 | K46: =매출_지역2!G20 | P46: =매출_지역2!H20 | V46: =매출_지역2!I20
B47: 품질 | D47: 목표 | E47: =품질!E4 | F47: =품질!F4 | G47: =품질!G4 | H47: =품질!H4 | I47: =품질!I4 | J47: =품질!J4 | K47: =품질!K4 | L47: =품질!L4 | ... AA47: =품질!AA4
D48: 실적 | E48: =품질!E5 | F48: =품질!F5 | G48: =품질!G5 | H48: =품질!H5 | I48: =품질!I5 | J48: =품질!J5 | K48: =품질!K5 | L48: =품질!L5 | ... AA48: =품질!AA5
B49: 고정비 | D49: 목표 | E49: =고정비!G6 | K49: =고정비!H6 | P49: =고정비!I6 | V49: =고정비!J6
D50: 실적 | E50: =고정비!G7 | K50: =고정비!H7 | P50: =고정비!I7 | V50: =고정비!J7
E51: 주차별 실적이 없는 경우 월별 실적으로 기입
B56: Master Graph 전체 현황 로직 : 월별 실적의 누적값 | E56: 1월 | F56: 2월 | G56: 3월 | H56: 4월 | I56: 5월 | J56: 6월 | K56: 7월 | L56: 8월 | M56: 9월 | N56: 10월 | O56: 11월 | P56: 12월
B57: 합계 | D57: 목표 | E57: =E25 | F57: =E57+K25 | G57: =F57+P25 | H57: =G57+V25
D58: 실적 | E58: =E26 | F58: =E58+K26 | G58: =F58+P26 | H58: =G58+V26
D59: 달성율 | E59: =E58/E57 | F59: =F58/F57 | G59: =G58/G57 | H59: =H58/H57
B60: 합계 (고정비 제외) | D60: 목표 | E60: =E28 | F60: =E60+K28 | G60: =F60+P28 | H60: =G60+V28
D61: 실적 | E61: =E29 | F61: =E61+K29 | G61: =F61+P29 | H61: =G61+V29
D62: 달성율 | E62: =E61/E60 | F62: =F61/F60 | G62: =G61/G60 | H62: =H61/H60
B63: 재료비 | C63: 시스템 반영 VI | D63: 목표 | E63: =E31 | F63: =E63+K31 | G63: =F63+P31 | H63: =G63+V31
D64: 실적 | E64: =E32 | F64: =E64+K32 | G64: =F64+P32 | H64: =G64+V32
C65: 시스템 미반영 VI | D65: 목표 | E65: =E33 | F65: =E65+K33 | G65: =F65+P33 | H65: =G65+V33
D66: 실적 | E66: =E34 | F66: =E66+K34 | G66: =F66+P34 | H66: =G66+V34
B67: 가공비 | D67: 목표 | E67: =E35 | F67: =E67+K35 | G67: =F67+P35 | H67: =G67+V35
D68: 실적 | E68: =E36 | F68: =E68+K36 | G68: =F68+P36 | H68: =G68+V36
B69: 물류비 | D69: 목표 | E69: =E37 | F69: =E69+K37 | G69: =F69+P37 | H69: =G69+V37
D70: 실적 | E70: =E38 | F70: =E70+K38 | G70: =F70+P38 | H70: =G70+V38
B71: 투자비 | C71: 설비 | D71: 목표 | E71: =E39 | F71: =E71+K39 | G71: =F71+P39 | H71: =G71+V39
D72: 실적 | E72: =E40 | F72: =E72+K40 | G72: =F72+P40 | H72: =G72+V40
C73: 금형 | D73: 목표 | E73: =E41 | F73: =E73+K41 | G73: =F73+P41 | H73: =G73+V41
D74: 실적 | E74: =E42 | F74: =E74+K42 | G74: =F74+P42 | H74: =G74+V42
B75: 매출 | C75: 지역1 | D75: 목표 | E75: =E43 | F75: =E75+K43 | G75: =F75+P43 | H75: =G75+V43
D76: 실적 | E76: =E44 | F76: =E76+K44 | G76: =F76+P44 | H76: =G76+V44
C77: 지역2 | D77: 목표 | E77: =E45 | F77: =E77+K45 | G77: =F77+P45 | H77: =G77+V45
D78: 실적 | E78: =E46 | F78: =E78+K46 | G78: =F78+P46 | H78: =G78+V46
B79: 품질 | D79: 목표 | E79: =E47 | F79: =E79+K47 | G79: =F79+P47 | H79: =G79+V47
D80: 실적 | E80: =E48 | F80: =E80+K48 | G80: =F80+P48 | H80: =G80+V48
B81: 고정비 | D81: 목표 | E81: =E49 | F81: =E81+K49 | G81: =F81+P49 | H81: =G81+V49
D82: 실적 | E82: =E50 | F82: =E82+K50 | G82: =F82+P50 | H82: =G82+V50

Sheet 재료비
G2: 1월 | M2: 2월 | R2: 3월 | X2: 4월 | AD2: 5월 | AK2: 6월 | AQ2: 7월 | AW2: 8월 | BD2: 9월 | BJ2: 10월 | BP2: 11월 | BV2: 12월
G3: 실적 | H3: W1 | I3: W2 | J3: W3 | K3: W4 | L3: W5 | M3: 실적 | N3: W6 | O3: W7 | P3: W8 | Q3: W9 | R3: 실적 | S3: W10 | T3: W11 | U3: W12 | V3: W13 | W3: W14 | X3: 실적 | Y3: W14 | Z3: W15 | AA3: W16 | AB3: W17 | AC3: W18 | AD3: 실적 | AE3: W18 | AF3: W19 | AG3: W20 | AH3: W21 | AI3: W22 | AJ3: W23 | AK3: 실적 | AL3: W23 | AM3: W24 | AN3: W25 | AO3: W26 | AP3: W27 | AQ3: 실적 | AR3: W27 | AS3: W28 | AT3: W29 | AU3: W30 | AV3: W31 | AW3: 실적 | AX3: W31 | AY3: W32 | AZ3: W33 | BA3: W34 | BB3: W35 | BC3: W36 | BD3: 실적 | BE3: W36 | BF3: W37 | BG3: W38 | BH3: W39 | BI3: W40 | BJ3: 실적 | BK3: W40 | BL3: W41 | BM3: W42 | BN3: W43 | BO3: W44 | BP3: 실적 | BQ3: W45 | BR3: W46 | BS3: W47 | BT3: W48 | BU3: W49 | BV3: 실적 | BW3: W49 | BX3: W50 | BY3: W51 | BZ3: W52 | CA3: W53
B4: RMC | C4: 키친솔루션 | F4: 목표 | G4: =SUM(G6,G8) | H4: =SUM(H6,H8) | I4: =SUM(I6,I8) | J4: =SUM(J6,J8) | K4: =SUM(K6,K8) | L4: =SUM(L6,L8) | M4: =SUM(M6,M8) | N4: =SUM(N6,N8) | ... R4: =SUM(R6,R8) | S4: 6565.6378 | T4: 6565.6378 | U4: 6565.6378 | V4: 6565.6378 | W4: 6565.6378 | X4: =SUM(X6,X8) | Y4: =SUM(Y6,Y8) | Z4: =SUM(Z6,Z8) | AA4: =SUM(AA6,AA8) | AB4: =SUM(AB6,AB8) | AC4: =SUM(AC6,AC8)
F5: 실적 | G5: =SUM(G7,G9) | H5: =SUM(H7,H9) | I5: =SUM(I7,I9) | J5: =SUM(J7,J9) | K5: =SUM(K7,K9) | L5: =SUM(L7,L9) | M5: =SUM(M7,M9) | N5: =SUM(N7,N9) | ... AC5: =SUM(AC7,AC9)
C6: 제품1 | F6: 목표 | G6: 8271.3601 | H6: 8271.3601 | I6: 8271.3601 | J6: 8271.3601 | K6: 8271.3601 | L6: 8271.3601 | M6: 4756.5913 | N6: 4756.5913 | O6: 4756.5913 | P6: 4756.5913 | Q6: 4756.5913 | R6: 3783.3085 | S6: 3783.3085 | T6: 3783.3085 | U6: 3783.3085 | V6: 3783.3085 | W6: 3783.3085 | X6: 6751.0414 | Y6: 6751.0414 | Z6: 6751.0414 | AA6: 6751.0414 | AB6: 6751.0414 | AC6: 6751.0414
F7: 실적 | G7: 7757.9174 | H7: 4144.75 | I7: 4144.75 | J7: 4359.0914 | K7: 4359.0914 | L7: 4144.75 | M7: 6377.869 | N7: 6084.204 | O7: 3742.1053 | P7: 3992.697 | Q7: 2976.1789 | R7: 5624.3521 | S7: 5000.7912 | T7: 4959.6125 | U7: 3090.0487 | V7: 3623.1 | W7: 3623.1 | X7: 3311.2371 | Y7: 3501.8317 | Z7: 5852.0309 | AA7: 5852.0309 | AB7: 6465.2812 | AC7: 5852.0309
C8: 제품2 | F8: 목표 | G8: 171.84919 | H8: 171.84919 | I8: 171.84919 | J8: 171.84919 | K8: 171.84919 | L8: 171.84919 | M8: 301.54407 | N8: 301.54407 | O8: 301.54407 | P8: 301.54407 | Q8: 301.54407 | R8: 231.9011 | S8: 231.9011 | T8: 231.9011 | U8: 231.9011 | V8: 231.9011 | W8: 231.9011 | X8: 172.03312 | Y8: 172.03312 | Z8: 172.03312 | AA8: 172.03312 | AB8: 172.03312 | AC8: 172.03312
F9: 실적 | G9: 286.09105 | H9: 231.57463 | I9: 231.57463 | J9: 225.01377 | K9: 225.01377 | L9: 231.57463 | M9: 228.67594 | N9: 389.235 | O9: 293.84827 | P9: 135.781 | Q9: 228.38325 | R9: 262.50084 | S9: 300.05185 | T9: 337.66501 | U9: 240.23327 | V9: 364.217 | W9: 344.26431 | X9: 277.22833 | Y9: 237.65887 | Z9: 373.82959 | AA9: 373.82959 | AB9: 460.53877 | AC9: 373.82959
B10: 시스템 반영 + 시스템 미반영 | C10: 키친솔루션 | D10: VI율 | F10: 목표 | G10: =G12/G4 | H10: =H12/H4 | I10: =I12/I4 | J10: =J12/J4 | K10: =K12/K4 | L10: =L12/L4 | M10: =M12/M4 | N10: =N12/N4 | ... AC10: =AC12/AC4
F11: 실적 | G11: =G13/G5 | H11: =H13/H5 | I11: =I13/I5 | J11: =J13/J5 | K11: =K13/K5 | L11: =L13/L5 | M11: =M13/M5 | N11: =N13/N5 | ... AC11: =AC13/AC5
D12: VI 금액 | F12: 목표 | G12: =SUM(G16,G20) | H12: =SUM(H16,H20) | I12: =SUM(I16,I20) | J12: =SUM(J16,J20) | K12: =SUM(K16,K20) | L12: =SUM(L16,L20) | M12: =SUM(M16,M20) | N12: =SUM(N16,N20) | ... AC12: =SUM(AC16,AC20)
F13: 실적 | G13: =SUM(G17,G21) | H13: =SUM(H17,H21) | I13: =SUM(I17,I21) | J13: =SUM(J17,J21) | K13: =SUM(K17,K21) | L13: =SUM(L17,L21) | M13: =SUM(M17,M21) | N13: =SUM(N17,N21) | ... AC13: =SUM(AC17,AC21)
C14: 제품1 | D14: VI율 | F14: 목표 | G14: =G16/G6 | H14: =H16/H6 | I14: =I16/I6 | J14: =J16/J6 | K14: =K16/K6 | L14: =L16/L6 | M14: =M16/M6 | N14: =N16/N6 | ... AC14: =AC16/AC6
F15: 실적 | G15: =G17/G7 | H15: =H17/H7 | I15: =I17/I7 | J15: =J17/J7 | K15: =K17/K7 | L15: =L17/L7 | M15: =M17/M7 | N15: =N17/N7 | ... AC15: =AC17/AC7
D16: VI 금액 | F16: 목표 | G16: =SUM(G28,G46) | H16: =SUM(H28,H46) | I16: =SUM(I28,I46) | J16: =SUM(J28,J46) | K16: =SUM(K28,K46) | L16: =SUM(L28,L46) | M16: =SUM(M28,M46) | N16: =SUM(N28,N46) | ... AC16: =SUM(AC28,AC46) | AW16: =SUM(AW18,AW20)
F17: 실적 | G17: =SUM(G29,G47) | H17: =SUM(H29,H47) | I17: =SUM(I29,I47) | J17: =SUM(J29,J47) | K17: =SUM(K29,K47) | L17: =SUM(L29,L47) | M17: =SUM(M29,M47) | N17: =SUM(N29,N47) | ... AC17: =SUM(AC29,AC47)
C18: 제품2 | D18: VI율 | F18: 목표 | G18: =G20/G8 | H18: =H20/H8 | I18: =I20/I8 | J18: =J20/J8 | K18: =K20/K8 | L18: =L20/L8 | M18: =M20/M8 | N18: =N20/N8 | ... AC18: =AC20/AC8
F19: 실적 | G19: =G21/G9 | H19: =H21/H9 | I19: =I21/I9 | J19: =J21/J9 | K19: =K21/K9 | L19: =L21/L9 | M19: =M21/M9 | N19: =N21/N9 | ... AC19: =AC21/AC9
D20: VI 금액 | F20: 목표 | G20: =SUM(G32,G56) | H20: =SUM(H32,H56) | I20: =SUM(I32,I56) | J20: =SUM(J32,J56) | K20: =SUM(K32,K56) | L20: =SUM(L32,L56) | M20: =SUM(M32,M56) | N20: =SUM(N32,N56) | ... AC20: =SUM(AC32,AC56)
F21: 실적 | G21: =SUM(G33,G57) | H21: =SUM(H33,H57) | I21: =SUM(I33,I57) | J21: =SUM(J33,J57) | K21: =SUM(K33,K57) | L21: =SUM(L33,L57) | M21: =SUM(M33,M57) | N21: =SUM(N33,N57) | ... AC21: =SUM(AC33,AC57)
B22: 시스템 반영 | C22: 키친솔루션 | D22: VI율 | F22: 목표 | G22: =G24/G4 | H22: =H24/H4 | I22: =I24/I4 | J22: =J24/J4 | K22: =K24/K4 | L22: =L24/L4 | M22: =M24/M4 | N22: =N24/N4 | ... AC22: =AC24/AC4
F23: 실적 | G23: =G25/G5 | H23: =H25/H5 | I23: =I25/I5 | J23: =J25/J5 | K23: =K25/K5 | L23: =L25/L5 | M23: =M25/M5 | N23: =N25/N5 | ... AC23: =AC25/AC5
D24: VI 금액 | F24: 목표 | G24: =SUM(G28,G32) | H24: =SUM(H28,H32) | I24: =SUM(I28,I32) | J24: =SUM(J28,J32) | K24: =SUM(K28,K32) | L24: =SUM(L28,L32) | M24: =SUM(M28,M32) | N24: =SUM(N28,N32) | ... AC24: =SUM(AC28,AC32)
F25: 실적 | G25: =SUM(G29,G33) | H25: =SUM(H29,H33) | I25: =SUM(I29,I33) | J25: =SUM(J29,J33) | K25: =SUM(K29,K33) | L25: =SUM(L29,L33) | M25: =SUM(M29,M33) | N25: =SUM(N29,N33) | ... AC25: =SUM(AC29,AC33)
C26: 제품1 | D26: VI율 | F26: 목표 | G26: =G28/G6 | H26: =H28/H6 | I26: =I28/I6 | J26: =J28/J6 | K26: =K28/K6 | L26: =L28/L6 | M26: =M28/M6 | N26: =N28/N6 | ... AC26: =AC28/AC6
F27: 실적 | G27: =G29/G7 | H27: =H29/H7 | I27: =I29/I7 | J27: =J29/J7 | K27: =K29/K7 | L27: =L29/L7 | M27: =M29/M7 | N27: =N29/N7 | ... AC27: =AC29/AC7
D28: VI 금액 | F28: 목표 | G28: 537.72409 | H28: 537.72409 | I28: 537.72409 | J28: 537.72409 | K28: 537.72409 | L28: 537.72409 | M28: 431.94886 | N28: 431.94886 | O28: 431.94886 | P28: 431.94886 | Q28: 431.94886 | R28: 455.07452 | S28: 455.07452 | T28: 455.07452 | U28: 455.07452 | V28: 455.07452 | W28: 455.07452 | X28: 757.73296 | Y28: 757.73296 | Z28: 757.73296 | AA28: 757.73296 | AB28: 757.73296 | AC28: 757.73296
F29: 실적 | G29: 312.52429 | H29: 607.14217 | I29: 607.14217 | J29: 304.13685 | K29: 304.13685 | L29: 607.14217 | M29: 361.34982 | N29: 483.686 | O29: 666.16353 | P29: 482.344 | Q29: 452.32886 | R29: 608.19899 | S29: 658.67256 | T29: 272.32751 | U29: 571.29539 | V29: 264.937 | W29: 264.937 | X29: 476.49903 | Y29: 213.04399 | Z29: 183.83662 | AA29: 183.83662 | AB29: 318.76641 | AC29: 183.83662
C30: 제품2 | D30: VI율 | F30: 목표 | G30: =G32/G8 | H30: =H32/H8 | I30: =I32/I8 | J30: =J32/J8 | K30: =K32/K8 | L30: =L32/L8 | M30: =M32/M8 | N30: =N32/N8 | ... AC30: =AC32/AC8
F31: 실적 | G31: =G33/G9 | H31: =H33/H9 | I31: =I33/I9 | J31: =J33/J9 | K31: =K33/K9 | L31: =L33/L9 | M31: =M33/M9 | N31: =N33/N9 | ... AC31: =AC33/AC9
D32: VI 금액 | F32: 목표 | G32: 21.851122 | H32: 21.851122 | I32: 21.851122 | J32: 21.851122 | K32: 21.851122 | L32: 21.851122 | M32: 32.390966 | N32: 32.390966 | O32: 32.390966 | P32: 32.390966 | Q32: 32.390966 | R32: 24.993993 | S32: 24.993993 | T32: 24.993993 | U32: 24.993993 | V32: 24.993993 | W32: 24.993993 | X32: 21.909611 | Y32: 21.909611 | Z32: 21.909611 | AA32: 21.909611 | AB32: 21.909611 | AC32: 21.909611
F33: 실적 | G33: 21.422172 | H33: 21.11276 | I33: 21.11276 | J33: 17.870585 | K33: 17.870585 | L33: 21.11276 | M33: 21.221203 | N33: 8.516 | O33: 15.648748 | P33: 13.372 | Q33: 12.572947 | R33: 17.523932 | S33: 24.473598 | T33: 32.291734 | U33: 27.145505 | V33: 16.647 | W33: 16.647 | X33: 9.0639145 | Y33: 12.389032 | Z33: 6.6462495 | AA33: 6.6462495 | AB33: 17.44816 | AC33: 6.6462495
B34: 시스템 미반영 | C34: 키친솔루션 | D34: VI율 | F34: 목표 | G34: =G36/G4 | H34: =H36/H4 | I34: =I36/I4 | J34: =J36/J4 | K34: =K36/K4 | L34: =L36/L4 | M34: =M36/M4 | N34: =N36/N4 | ... AC34: =AC36/AC4
F35: 실적 | G35: =G37/G5 | H35: =H37/H5 | I35: =I37/I5 | J35: =J37/J5 | K35: =K37/K5 | L35: =L37/L5 | M35: =M37/M5 | N35: =N37/N5 | ... AC35: =AC37/AC5
D36: VI 금액 | E36: 합계 | F36: 목표 | G36: =SUM(G46,G56) | H36: =SUM(H46,H56) | I36: =SUM(I46,I56) | J36: =SUM(J46,J56) | K36: =SUM(K46,K56) | L36: =SUM(L46,L56) | M36: =SUM(M46,M56) | N36: =SUM(N46,N56) | ... R36: =SUM(R46,R56) | S36: 189.89478 | T36: =SUM(T46,T56) | U36: =SUM(U46,U56) | V36: =SUM(V46,V56) | W36: =SUM(W46,W56) | X36: =SUM(X46,X56) | Y36: =SUM(Y46,Y56) | Z36: =SUM(Z46,Z56) | AA36: =SUM(AA46,AA56) | ... AC36: =SUM(AC46,AC56)
F37: 실적 | G37: =SUM(G47,G57) | H37: =SUM(H47,H57) | I37: =SUM(I47,I57) | J37: =SUM(J47,J57) | K37: =SUM(K47,K57) | L37: =SUM(L47,L57) | M37: =SUM(M47,M57) | N37: =SUM(N47,N57) | ... AC37: =SUM(AC47,AC57)
E38: 양산부품 | F38: 목표 | G38: =G48+G58 | H38: =H48+H58 | I38: =I48+I58 | J38: =J48+J58 | K38: =K48+K58 | L38: =L48+L58 | M38: =M48+M58 | N38: =N48+N58 | ... AC38: =AC48+AC58
F39: 실적 | G39: =G49+G59 | H39: =H49+H59 | I39: =I49+I59 | J39: =J49+J59 | K39: =K49+K59 | L39: =L49+L59 | M39: =M49+M59 | N39: =N49+N59 | ... AC39: =AC49+AC59
E40: 개발모델 | F40: 목표 | G40: =G50+G60 | H40: =H50+H60 | I40: =I50+I60 | J40: =J50+J60 | K40: =K50+K60 | L40: =L50+L60 | M40: =M50+M60 | N40: =N50+N60 | ... AC40: =AC50+AC60
F41: 실적 | G41: =G51+G61 | H41: =H51+H61 | I41: =I51+I61 | J41: =J51+J61 | K41: =K51+K61 | L41: =L51+L61 | M41: =M51+M61 | N41: =N51+N61 | ... AC41: =AC51+AC61
E42: 아웃소싱 | F42: 목표 | G42: =G52+G62 | H42: =H52+H62 | I42: =I52+I62 | J42: =J52+J62 | K42: =K52+K62 | L42: =L52+L62 | M42: =M52+M62 | N42: =N52+N62 | ... AC42: =AC52+AC62
F43: 실적 | G43: =G53+G63 | H43: =H53+H63 | I43: =I53+I63 | J43: =J53+J63 | K43: =K53+K63 | L43: =L53+L63 | M43: =M53+M63 | N43: =N53+N63 | ... AC43: =AC53+AC63
C44: 제품1 | D44: VI율 | F44: 목표 | G44: =G46/G6 | H44: =H46/H6 | I44: =I46/I6 | J44: =J46/J6 | K44: =K46/K6 | L44: =L46/L6 | M44: =M46/M6 | N44: =N46/N6 | ... AC44: =AC46/AC6
F45: 실적 | G45: =G47/G7 | H45: =H47/H7 | I45: =I47/I7 | J45: =J47/J7 | K45: =K47/K7 | L45: =L47/L7 | M45: =M47/M7 | N45: =N47/N7 | ... AC45: =AC47/AC7
D46: VI 금액 | E46: 합계 | F46: 목표 | G46: =SUM(G48,G50,G52) | H46: =SUM(H48,H50,H52) | I46: =SUM(I48,I50,I52) | J46: =SUM(J48,J50,J52) | K46: =SUM(K48,K50,K52) | L46: =SUM(L48,L50,L52) | M46: =SUM(M48,M50,M52) | N46: =SUM(N48,N50,N52) | ... AC46: =SUM(AC48,AC50,AC52)
F47: 실적 | G47: =SUM(G49,G51,G53) | H47: =SUM(H49,H51,H53) | I47: =SUM(I49,I51,I53) | J47: =SUM(J49,J51,J53) | K47: =SUM(K49,K51,K53) | L47: =SUM(L49,L51,L53) | M47: =SUM(M49,M51,M53) | N47: =SUM(N49,N51,N53) | ... AC47: =SUM(AC49,AC51,AC53)
E48: 양산부품 | F48: 목표 | G48: 16.647 | H48: 16.647 | I48: 16.647 | J48: 16.647 | K48: 16.647 | L48: 16.647 | M48: 22.955261 | N48: 22.955261 | O48: 22.955261 | P48: 22.955261 | Q48: 22.955261 | R48: 26.334313 | S48: 26.334313 | T48: 26.334313 | U48: 26.334313 | V48: 26.334313 | W48: 26.334313 | X48: 53.469417 | Y48: 53.469417 | Z48: 53.469417 | AA48: 53.469417 | AB48: 53.469417 | AC48: 53.469417
F49: 실적 | G49: 29.344 | H49: 16.647 | I49: 16.647 | J49: 16.647 | K49: 16.647 | L49: 16.647 | M49: 23.822641 | N49: 38.133 | O49: 38.133 | P49: 21.076 | Q49: 38.133 | R49: =W49 | S49: 20 | T49: 38.133 | U49: 34.608308 | V49: 34.608308 | W49: 36.366 | X49: 58.486 | Y49: 52.531 | Z49: 52.531 | AA49: 52.531 | AB49: 61.561 | AC49: 52.531
E50: 개발모델 | F50: 목표 | G50: 5.2906212 | H50: 5.2906212 | I50: 5.2906212 | J50: 5.2906212 | K50: 5.2906212 | L50: 5.2906212 | M50: 10.529193 | N50: 10.529193 | O50: 10.529193 | P50: 10.529193 | Q50: 10.529193 | R50: 12.616058 | S50: 12.616058 | T50: 12.616058 | U50: 12.616058 | V50: 12.616058 | W50: 12.616058 | X50: 67.758248 | Y50: 67.758248 | Z50: 67.758248 | AA50: 67.758248 | AB50: 67.758248 | AC50: 67.758248
F51: 실적 | G51: 23.718753 | H51: 5.2906212 | I51: 5.2906212 | J51: 5.2906212 | K51: 5.2906212 | L51: 5.2906212 | M51: 39.638811 | N51: 18.131435 | O51: 18.131435 | P51: 26.055 | Q51: 18.131435 | R51: 67.608802 | S51: 47.49699 | T51: 47.49699 | U51: 85.390141 | V51: 85.390141 | W51: 20.160804 | X51: 66.385111 | Y51: 67.758248 | Z51: 67.758248 | AA51: 67.758248 | AB51: 66.040119 | AC51: 67.758248
E52: 아웃소싱 | F52: 목표 | G52: 58.583102 | H52: 58.583102 | I52: 58.583102 | J52: 58.583102 | K52: 58.583102 | L52: 58.583102 | M52: 120.57588 | N52: 120.57588 | O52: 120.57588 | P52: 120.57588 | Q52: 120.57588 | R52: 100.41057 | S52: 100.41057 | T52: 100.41057 | U52: 100.41057 | V52: 100.41057 | W52: 100.41057 | X52: 212.67996 | Y52: 212.67996 | Z52: 212.67996 | AA52: 212.67996 | AB52: 212.67996 | AC52: 212.67996
F53: 실적 | G53: 192.88121 | H53: 58.583102 | I53: 58.583102 | J53: 58.583102 | K53: 58.583102 | L53: 58.583102 | M53: 138.68814 | N53: 112.57251 | O53: 86.816322 | P53: 112.791 | Q53: 86.816322 | R53: 119.125 | S53: 159.70247 | T53: 195.96992 | U53: 246.19564 | V53: 246.19564 | W53: 119.125 | X53: 100.2859 | Y53: 165.36204 | Z53: 191.469 | AA53: 191.469 | AB53: 191.469 | AC53: 191.469
C54: 제품2 | D54: VI율 | F54: 목표 | G54: =G56/G8 | H54: =H56/H8 | I54: =I56/I8 | J54: =J56/J8 | K54: =K56/K8 | L54: =L56/L8 | M54: =M56/M8 | N54: =N56/N8 | ... W54: =W56/W8 | X54: =X57/X8 | Y54: =Y57/Y8 | Z54: =Z57/Z8 | AA54: =AA57/AA8 | AB54: =AB57/AB8 | AC54: =AC57/AC8
F55: 실적 | G55: =G57/G9 | H55: =H57/H9 | I55: =I57/I9 | J55: =J57/J9 | K55: =K57/K9 | L55: =L57/L9 | M55: =M57/M9 | N55: =N57/N9 | ... AC55: =AC57/AC9
D56: VI 금액 | E56: 합계 | F56: 목표 | G56: =SUM(G58,G60,G62) | H56: =SUM(H58,H60,H62) | I56: =SUM(I58,I60,I62) | J56: =SUM(J58,J60,J62) | K56: =SUM(K58,K60,K62) | L56: =SUM(L58,L60,L62) | M56: =SUM(M58,M60,M62) | N56: 3.5498665 | O56: 3.5498665 | P56: 3.5498665 | Q56: 3.5498665 | R56: =SUM(R58,R60,R62) | S56: =SUM(S58,S60,S62) | T56: 17.718595 | U56: 17.718595 | V56: 17.718595 | W56: 17.718595 | X56: =SUM(X58,X60,X62) | Y56: =SUM(Y58,Y60,Y62) | Z56: =SUM(Z58,Z60,Z62) | AA56: =SUM(AA58,AA60,AA62) | AB56: =SUM(AB58,AB60,AB62) | AC56: =SUM(AC58,AC60,AC62)
F57: 실적 | G57: =SUM(G59,G61,G63) | H57: =SUM(H59,H61,H63) | I57: =SUM(I59,I61,I63) | J57: =SUM(J59,J61,J63) | K57: =SUM(K59,K61,K63) | L57: =SUM(L59,L61,L63) | M57: =SUM(M59,M61,M63) | N57: =SUM(N59,N61,N63) | ... AA57: =SUM(AA59,AA61,AA63) | AB57: 6.127583 | AC57: =SUM(AC59,AC61,AC63)
E58: 양산부품 | F58: 목표 | G58: 4.6760803 | H58: 4.6760803 | I58: 4.6760803 | J58: 4.6760803 | K58: 4.6760803 | L58: 4.6760803 | M58: 4.6760803 | N58: 4.6760803 | O58: 4.6760803 | P58: 4.6760803 | Q58: 4.6760803 | R58: 4.4319634 | S58: 4.4319634 | T58: 4.4319634 | U58: 4.4319634 | V58: 4.4319634 | W58: 4.4319634 | X58: 2.2645004 | Y58: 2.2645004 | Z58: 2.2645004 | AA58: 2.2645004 | AB58: 2.2645004 | AC58: 2.2645004
F59: 실적 | G59: 2.9915467 | H59: 3.8211843 | I59: 3.189 | J59: 2.9915467 | K59: 3.2046281 | L59: 2.9915467 | M59: 4.6760803 | N59: 3.2046281 | O59: 3.8211843 | P59: 3.189 | Q59: 2.9915467 | R59: 3.8211843 | S59: 3.2046281 | T59: 2.9915467 | U59: 3.189 | V59: 3.8211843 | W59: 2.9915467 | X59: 3.189 | Y59: 3.5148702 | Z59: 3.5148702 | AA59: 3.5148702 | AB59: 3.5148702 | AC59: 3.5148702
E60: 개발모델 | F60: 목표 | G60: 2.1180696 | H60: 2.1180696 | I60: 2.1180696 | J60: 2.1180696 | K60: 2.1180696 | L60: 2.1180696 | M60: 1.0884006 | N60: 1.0884006 | O60: 1.0884006 | P60: 1.0884006 | Q60: 1.0884006 | R60: 8.7476552 | S60: 8.7476552 | T60: 8.7476552 | U60: 8.7476552 | V60: 8.7476552 | W60: 8.7476552 | X60: 9.6788984 | Y60: 9.6788984 | Z60: 9.6788984 | AA60: 9.6788984 | AB60: 9.6788984 | AC60: 9.6788984
F61: 실적 | G61: 0.95 | H61: 2.1180696 | I61: 2.1180696 | J61: 2.1180696 | K61: 2.1180696 | L61: 2.1180696 | M61: 0.95 | N61: 1.6263856 | O61: 1.6263856 | P61: 2.4626423 | Q61: 0.82038732 | R61: 1.3273375 | S61: 4.5540392 | T61: 3.2434159 | U61: 3.2434159 | V61: 3.2434159 | W61: 3.2434159 | X61: 2.4626423 | Y61: 2.187256 | Z61: 2.187256 | AA61: 2.187256 | AB61: 2.187256 | AC61: 2.187256
E62: 아웃소싱 | F62: 목표 | G62: 2.7845663 | H62: 2.7845663 | I62: 2.7845663 | J62: 2.7845663 | K62: 2.7845663 | L62: 2.7845663 | M62: 1.9739098 | N62: 1.9739098 | O62: 1.9739098 | P62: 1.9739098 | Q62: 1.9739098 | R62: 2.503007 | S62: 2.503007 | T62: 2.503007 | U62: 2.503007 | V62: 2.503007 | W62: 2.503007 | X62: 3.1386809 | Y62: 3.1386809 | Z62: 3.1386809 | AA62: 3.1386809 | AB62: 3.1386809 | AC62: 3.1386809
F63: 실적 | G63: 0.15451542 | H63: 2.7845663 | I63: 2.7845663 | J63: 2.7845663 | K63: 2.7845663 | L63: 2.7845663 | M63: 0.15391136 | N63: 0.02091701 | O63: 0.14762485 | P63: 0.13473338 | Q63: 0.14762485 | R63: 0.16570328 | S63: 0.25441684 | T63: 0.25441684 | U63: 0.16570328 | V63: 0.16570328 | W63: 0.16570328 | X63: 0.74755708 | Y63: 0.82221717 | Z63: 0.82221717 | AA63: 0.82221717 | AB63: 0.82221717 | AC63: 0.82221717

Sheet 가공비
F1: 계획환율 | G1: 1340 | H1: 1340 | I1: 1340 | J1: 1340 | K1: 1340 | L1: 1340 | M1: 1340 | N1: 1340 | O1: 1340 | P1: 1340 | Q1: 1340 | R1: 1340 | S1: 1340 | T1: 1340 | U1: 1340 | V1: 1340 | W1: 1340 | X1: 1340 | Y1: 1340 | Z1: 1340 | AA1: 1340 | AB1: 1340 | AC1: 1340
F2: 실적환율 | G2: 1454.6258 | H2: 1454.6258 | I2: 1454.6258 | J2: 1454.6258 | K2: 1454.6258 | L2: 1454.6258 | M2: 1450 | N2: 1450 | O2: 1450 | P2: 1450 | Q2: 1450 | R2: 1450 | S2: 1440 | T2: 1440 | U2: 1487.63 | V2: 1480 | W2: 1480 | X2: 1480 | Y2: 1480 | Z2: 1488.4613 | AA2: 1488.4613 | AB2: 1488.4613 | AC2: 1488.4613
G4: 1월 | M4: 2월 | R4: 3월 | X4: 4월 | AD4: 5월 | AK4: 6월 | AQ4: 7월 | AW4: 8월 | BD4: 9월 | BJ4: 10월 | BP4: 11월 | BU4: 12월
G5: 실적 | H5: W1 | I5: W2 | J5: W3 | K5: W4 | L5: W5 | M5: 실적 | N5: W6 | O5: W7 | P5: W8 | Q5: W9 | R5: 실적 | S5: W10 | T5: W11 | U5: W12 | V5: W13 | W5: W14 | X5: 실적 | Y5: W14 | Z5: W15 | AA5: W16 | AB5: W17 | AC5: W18 | AD5: 실적 | AE5: W18 | AF5: W19 | AG5: W20 | AH5: W21 | AI5: W22 | AJ5: W23 | AK5: 실적 | AL5: W23 | AM5: W24 | AN5: W25 | AO5: W26 | AP5: W27 | AQ5: 실적 | AR5: W27 | AS5: W28 | AT5: W29 | AU5: W30 | AV5: W31 | AW5: 실적 | AX5: W31 | AY5: W32 | AZ5: W33 | BA5: W34 | BB5: W35 | BC5: W36 | BD5: 실적 | BE5: W36 | BF5: W37 | BG5: W38 | BH5: W39 | BI5: W40 | BJ5: 실적 | BK5: W40 | BL5: W41 | BM5: W42 | BN5: W43 | BO5: W44 | BP5: 실적 | BQ5: W45 | BR5: W46 | BS5: W47 | BT5: W48 | BU5: 실적 | BV5: W49 | BW5: W50 | BX5: W51 | BY5: W52 | BZ5: W53
B6: 개선금액 | C6: 키친솔루션 | D6: 제품1 + 제품2 | F6: `26 목표 | G6: =G32*G1/10^2 | H6: =H32*H1/10^2 | I6: =I32*I1/10^2 | J6: =J32*J1/10^2 | K6: =K32*K1/10^2 | L6: =L32*L1/10^2 | M6: =M32*M1/10^2 | N6: =N32*N1/10^2 | ... AC6: =AC32*AC1/10^2
F7: `26 실적 | G7: =G33*G2/10^2 | H7: =H33*H2/10^2 | I7: =I33*I2/10^2 | J7: =J33*J2/10^2 | K7: =K33*K2/10^2 | L7: =L33*L2/10^2 | M7: =M33*M2/10^2 | N7: =N33*N2/10^2 | ... AC7: =AC33*AC2/10^2
C8: 제품1 | D8: 지역 합계 | F8: `26 목표 | G8: =G34*G1/10^2 | H8: =H34*H1/10^2 | I8: =I34*I1/10^2 | J8: =J34*J1/10^2 | K8: =K34*K1/10^2 | L8: =L34*L1/10^2 | M8: =M34*M1/10^2 | N8: =N34*N1/10^2 | ... AC8: =AC34*AC1/10^2
F9: `26 실적 | G9: =G35*G2/10^2 | H9: =H35*H2/10^2 | I9: =I35*I2/10^2 | J9: =J35*J2/10^2 | K9: =K35*K2/10^2 | L9: =L35*L2/10^2 | M9: =M35*M2/10^2 | N9: =N35*N2/10^2 | ... AC9: =AC35*AC2/10^2
D10: 지역1 | F10: `26 목표 | G10: =G36*G1/10^2 | H10: =H36*H1/10^2 | I10: =I36*I1/10^2 | J10: =J36*J1/10^2 | K10: =K36*K1/10^2 | L10: =L36*L1/10^2 | M10: =M36*M1/10^2 | N10: =N36*N1/10^2 | ... AC10: =AC36*AC1/10^2
F11: `26 실적 | G11: =G37*G2/10^2 | H11: =H37*H2/10^2 | I11: =I37*I2/10^2 | J11: =J37*J2/10^2 | K11: =K37*K2/10^2 | L11: =L37*L2/10^2 | M11: =M37*M2/10^2 | N11: =N37*N2/10^2 | ... AC11: =AC37*AC2/10^2
D12: 지역2 | F12: `26 목표 | G12: =G38*G1/10^2 | H12: =H38*H1/10^2 | I12: =I38*I1/10^2 | J12: =J38*J1/10^2 | K12: =K38*K1/10^2 | L12: =L38*L1/10^2 | M12: =M38*M1/10^2 | N12: =N38*N1/10^2 | ... T12: =T38*T1/10^2 | U12: 2.6091041 | V12: 1.7428603 | W12: =W38*W1/10^2 | X12: =X38*X1/10^2 | Y12: =Y38*Y1/10^2 | Z12: =Z38*Z1/10^2 | AA12: =AA38*AA1/10^2 | AB12: =AB38*AB1/10^2 | AC12: =AC38*AC1/10^2
F13: `26 실적 | G13: =G39*G2/10^2 | H13: =H39*H2/10^2 | I13: =I39*I2/10^2 | J13: =J39*J2/10^2 | K13: =K39*K2/10^2 | L13: =L39*L2/10^2 | M13: =M39*M2/10^2 | N13: =N39*N2/10^2 | ... T13: =T39*T2/10^2 | U13: 8.7096791 | V13: 6.0229064 | W13: =W39*W2/10^2 | X13: =X39*X2/10^2 | Y13: =Y39*Y2/10^2 | Z13: =Z39*Z2/10^2 | AA13: =AA39*AA2/10^2 | AB13: =AB39*AB2/10^2 | AC13: =AC39*AC2/10^2
D14: 지역3 | F14: `26 목표 | G14: =G40*G1/10^2 | H14: =H40*H1/10^2 | I14: =I40*I1/10^2 | J14: =J40*J1/10^2 | K14: =K40*K1/10^2 | L14: =L40*L1/10^2 | M14: =M40*M1/10^2 | N14: =N40*N1/10^2 | ... AC14: =AC40*AC1/10^2
F15: `26 실적 | G15: =G41*G2/10^2 | H15: =H41*H2/10^2 | I15: =I41*I2/10^2 | J15: =J41*J2/10^2 | K15: =K41*K2/10^2 | L15: =L41*L2/10^2 | M15: =M41*M2/10^2 | N15: =N41*N2/10^2 | ... AC15: =AC41*AC2/10^2
D16: 지역4 | F16: `26 목표 | G16: =G42*G1/10^2 | H16: =H42*H1/10^2 | I16: =I42*I1/10^2 | J16: =J42*J1/10^2 | K16: =K42*K1/10^2 | L16: =L42*L1/10^2 | M16: =M42*M1/10^2 | N16: =N42*N1/10^2 | ... AC16: =AC42*AC1/10^2
F17: `26 실적 | G17: =G43*G2/10^2 | H17: =H43*H2/10^2 | I17: =I43*I2/10^2 | J17: =J43*J2/10^2 | K17: =K43*K2/10^2 | L17: =L43*L2/10^2 | M17: =M43*M2/10^2 | N17: =N43*N2/10^2 | ... AC17: =AC43*AC2/10^2
D18: 지역5 | F18: `26 목표 | G18: =G44*G1/10^2 | H18: =H44*H1/10^2 | I18: =I44*I1/10^2 | J18: =J44*J1/10^2 | K18: =K44*K1/10^2 | L18: =L44*L1/10^2 | M18: =M44*M1/10^2 | N18: =N44*N1/10^2 | ... AC18: =AC44*AC1/10^2
F19: `26 실적 | G19: =G45*G2/10^2 | H19: =H45*H2/10^2 | I19: =I45*I2/10^2 | J19: =J45*J2/10^2 | K19: =K45*K2/10^2 | L19: =L45*L2/10^2 | M19: =M45*M2/10^2 | N19: =N45*N2/10^2 | ... AC19: =AC45*AC2/10^2
D20: 지역6 | F20: `26 목표 | G20: =G46*G1/10^2 | H20: =H46*H1/10^2 | I20: =I46*I1/10^2 | J20: =J46*J1/10^2 | K20: =K46*K1/10^2 | L20: =L46*L1/10^2 | M20: =M46*M1/10^2 | N20: =N46*N1/10^2 | ... AC20: =AC46*AC1/10^2
F21: `26 실적 | G21: =G47*G2/10^2 | H21: =H47*H2/10^2 | I21: =I47*I2/10^2 | J21: =J47*J2/10^2 | K21: =K47*K2/10^2 | L21: =L47*L2/10^2 | M21: =M47*M2/10^2 | N21: =N47*N2/10^2 | ... AC21: =AC47*AC2/10^2
D22: 지역7 | F22: `26 목표 | G22: =G48*G1/10^2 | H22: =H48*H1/10^2 | I22: =I48*I1/10^2 | J22: =J48*J1/10^2 | K22: =K48*K1/10^2 | L22: =L48*L1/10^2 | M22: =M48*M1/10^2 | N22: =N48*N1/10^2 | ... AC22: =AC48*AC1/10^2
F23: `26 실적 | G23: =G49*G2/10^2 | H23: =H49*H2/10^2 | I23: =I49*I2/10^2 | J23: =J49*J2/10^2 | K23: =K49*K2/10^2 | L23: =L49*L2/10^2 | M23: =M49*M2/10^2 | N23: =N49*N2/10^2 | ... AC23: =AC49*AC2/10^2
D24: 지역8 | F24: `26 목표 | G24: =G50*G1/10^2 | H24: =H50*H1/10^2 | I24: =I50*I1/10^2 | J24: =J50*J1/10^2 | K24: =K50*K1/10^2 | L24: =L50*L1/10^2 | M24: =M50*M1/10^2 | N24: =N50*N1/10^2 | ... Q24: =Q50*Q1/10^2 | R24: =R50*R$1/10^2 | S24: =S50*S$1/10^2 | T24: =T50*T$1/10^2 | U24: =U50*U$1/10^2 | V24: =V50*V$1/10^2 | W24: =W50*W$1/10^2 | X24: =X50*X$1/10^2 | Y24: =Y50*Y$1/10^2 | ... AC24: =AC50*AC$1/10^2
F25: `26 실적 | G25: =G51*G2/10^2 | H25: =H51*H2/10^2 | I25: =I51*I2/10^2 | J25: =J51*J2/10^2 | K25: =K51*K2/10^2 | L25: =L51*L2/10^2 | M25: =M51*M2/10^2 | N25: =N51*N2/10^2 | ... Q25: =Q51*Q2/10^2 | R25: =R51*R$2/10^2 | S25: =S51*S$2/10^2 | T25: =T51*T$2/10^2 | U25: =U51*U$2/10^2 | V25: =V51*V$2/10^2 | W25: =W51*W$2/10^2 | X25: =X51*X$2/10^2 | Y25: =Y51*Y$2/10^2 | ... AC25: =AC51*AC$2/10^2
C26: 제품2 | D26: 지역 합계 | F26: `26 목표 | G26: =G52*G1/10^2 | H26: =H52*H1/10^2 | I26: =I52*I1/10^2 | J26: =J52*J1/10^2 | K26: =K52*K1/10^2 | L26: =L52*L1/10^2 | M26: =M52*M1/10^2 | N26: =N52*N1/10^2 | ... AC26: =AC52*AC1/10^2
F27: `26 실적 | G27: =G53*G2/10^2 | H27: =H53*H2/10^2 | I27: =I53*I2/10^2 | J27: =J53*J2/10^2 | K27: =K53*K2/10^2 | L27: =L53*L2/10^2 | M27: =M53*M2/10^2 | N27: =N53*N2/10^2 | ... AC27: =AC53*AC2/10^2
D28: 지역1 | F28: `26 목표 | G28: =G54*G1/10^2 | H28: =H54*H1/10^2 | I28: =I54*I1/10^2 | J28: =J54*J1/10^2 | K28: =K54*K1/10^2 | L28: =L54*L1/10^2 | M28: =M54*M1/10^2 | N28: =N54*N1/10^2 | ... AC28: =AC54*AC1/10^2
F29: `26 실적 | G29: =G55*G2/10^2 | H29: =H55*H2/10^2 | I29: =I55*I2/10^2 | J29: =J55*J2/10^2 | K29: =K55*K2/10^2 | L29: =L55*L2/10^2 | M29: =M55*M2/10^2 | N29: =N55*N2/10^2 | ... AC29: =AC55*AC2/10^2
D30: 지역3 | F30: `26 목표 | G30: =G56*G1/10^2 | H30: =H56*H1/10^2 | I30: =I56*I1/10^2 | J30: =J56*J1/10^2 | K30: =K56*K1/10^2 | L30: =L56*L1/10^2 | M30: =M56*M1/10^2 | N30: =N56*N1/10^2 | ... Q30: =Q56*Q1/10^2 | R30: =R56*R$1/10^2 | S30: =S56*S$1/10^2 | T30: =T56*T$1/10^2 | U30: =U56*U$1/10^2 | V30: =V56*V$1/10^2 | W30: =W56*W$1/10^2 | X30: =X56*X$1/10^2 | Y30: =Y56*Y$1/10^2 | ... AC30: =AC56*AC$1/10^2
F31: `26 실적 | G31: =G57*G2/10^2 | H31: =H57*H2/10^2 | I31: =I57*I2/10^2 | J31: =J57*J2/10^2 | K31: =K57*K2/10^2 | L31: =L57*L2/10^2 | M31: =M57*M2/10^2 | N31: =N57*N2/10^2 | ... Q31: =Q57*Q2/10^2 | R31: =R57*R$2/10^2 | S31: =S57*S$2/10^2 | T31: =T57*T$2/10^2 | U31: =U57*U$2/10^2 | V31: =V57*V$2/10^2 | W31: =W57*W$2/10^2 | X31: =X57*X$2/10^2 | Y31: =Y57*Y$2/10^2 | ... AC31: =AC57*AC$2/10^2
B32: 개선금액 (M$) | C32: 키친솔루션 | D32: 제품1 + 제품2 | F32: `26 목표 | G32: =(G58-G59)*G62 | H32: =(H58-H59)*H62 | I32: =(I58-I59)*I62 | J32: =(J58-J59)*J62 | K32: =(K58-K59)*K62 | L32: =(L58-L59)*L62 | M32: =(M58-M59)*M62 | N32: =(N58-N59)*N62 | ... AC32: =(AC58-AC59)*AC62
F33: `26 실적 | G33: =(G58-G60)*G63 | H33: =(H58-H60)*H63 | I33: =(I58-I60)*I63 | J33: =(J58-J60)*J63 | K33: =(K58-K60)*K63 | L33: =(L58-L60)*L63 | M33: =(M58-M60)*M63 | N33: =(N58-N60)*N63 | ... AC33: =(AC58-AC60)*AC63
C34: 제품1 | D34: 지역 합계 | F34: `26 목표 | G34: =(G67-G68)*G71 | H34: =(H67-H68)*H71 | I34: =(I67-I68)*I71 | J34: =(J67-J68)*J71 | K34: =(K67-K68)*K71 | L34: =(L67-L68)*L71 | M34: =(M67-M68)*M71 | N34: =(N67-N68)*N71 | ... AC34: =(AC67-AC68)*AC71
F35: `26 실적 | G35: =(G67-G69)*G72 | H35: =(H67-H69)*H72 | I35: =(I67-I69)*I72 | J35: =(J67-J69)*J72 | K35: =(K67-K69)*K72 | L35: =(L67-L69)*L72 | M35: =(M67-M69)*M72 | N35: =(N67-N69)*N72 | ... AC35: =(AC67-AC69)*AC72
D36: 지역1 | F36: `26 목표 | G36: =(G76-G77)*G80 | H36: =(H76-H77)*H80 | I36: =(I76-I77)*I80 | J36: =(J76-J77)*J80 | K36: =(K76-K77)*K80 | L36: =(L76-L77)*L80 | M36: =(M76-M77)*M80 | N36: =(N76-N77)*N80 | ... AC36: =(AC76-AC77)*AC80
F37: `26 실적 | G37: =($G$76-G78)*G81 | H37: =($G$76-H78)*H81 | I37: =($G$76-I78)*I81 | J37: =($G$76-J78)*J81 | K37: =($G$76-K78)*K81 | L37: =($G$76-L78)*L81 | M37: =($G$76-M78)*M81 | N37: =($G$76-N78)*N81 | ... Q37: =($G$76-Q78)*Q81 | R37: =(R76-R78)*R81 | S37: =(S76-S78)*S81 | T37: =(T76-T78)*T81 | U37: =(U76-U78)*U81 | V37: =(V76-V78)*V81 | W37: =(W76-W78)*W81 | X37: =(X76-X78)*X81 | Y37: =(Y76-Y78)*Y81 | ... AC37: =(AC76-AC78)*AC81
D38: 지역2 | F38: `26 목표 | G38: =(G85-G86)*G89 | H38: =(H85-H86)*H89 | I38: =(I85-I86)*I89 | J38: =(J85-J86)*J89 | K38: =(K85-K86)*K89 | L38: =(L85-L86)*L89 | M38: =(M85-M86)*M89 | N38: =(N85-N86)*N89 | ... AC38: =(AC85-AC86)*AC89
F39: `26 실적 | G39: =(G85-G87)*G90 | H39: =(H85-H87)*H90 | I39: =(I85-I87)*I90 | J39: =(J85-J87)*J90 | K39: =(K85-K87)*K90 | L39: =(L85-L87)*L90 | M39: =(M85-M87)*M90 | N39: =(N85-N87)*N90 | ... AC39: =(AC85-AC87)*AC90
D40: 지역3 | F40: `26 목표 | G40: =(G94-G95)*G98 | H40: =(H94-H95)*H98 | I40: =(I94-I95)*I98 | J40: =(J94-J95)*J98 | K40: =(K94-K95)*K98 | L40: =(L94-L95)*L98 | M40: =(M94-M95)*M98 | N40: =(N94-N95)*N98 | ... AC40: =(AC94-AC95)*AC98
F41: `26 실적 | G41: =(G94-G96)*G99 | H41: =(H94-H96)*H99 | I41: =(I94-I96)*I99 | J41: =(J94-J96)*J99 | K41: =(K94-K96)*K99 | L41: =(L94-L96)*L99 | M41: =(M94-M96)*M99 | N41: =(N94-N96)*N99 | ... AC41: =(AC94-AC96)*AC99
D42: 지역4 | F42: `26 목표 | G42: =(G103-G104)*G107 | H42: =(H103-H104)*H107 | I42: =(I103-I104)*I107 | J42: =(J103-J104)*J107 | K42: =(K103-K104)*K107 | L42: =(L103-L104)*L107 | M42: =(M103-M104)*M107 | N42: =(N103-N104)*N107 | ... AC42: =(AC103-AC104)*AC107
F43: `26 실적 | G43: =(G103-G105)*G108 | H43: =(H103-H105)*H108 | I43: =(I103-I105)*I108 | J43: =(J103-J105)*J108 | K43: =(K103-K105)*K108 | L43: =(L103-L105)*L108 | M43: =(M103-M105)*M108 | N43: =(N103-N105)*N108 | ... AC43: =(AC103-AC105)*AC108
D44: 지역5 | F44: `26 목표 | G44: =(G112-G113)*G116 | H44: =(H112-H113)*H116 | I44: =(I112-I113)*I116 | J44: =(J112-J113)*J116 | K44: =(K112-K113)*K116 | L44: =(L112-L113)*L116 | M44: =(M112-M113)*M116 | N44: =(N112-N113)*N116 | ... AC44: =(AC112-AC113)*AC116
F45: `26 실적 | G45: =(G112-G114)*G117 | H45: =(H112-H114)*H117 | I45: =(I112-I114)*I117 | J45: =(J112-J114)*J117 | K45: =(K112-K114)*K117 | L45: =(L112-L114)*L117 | M45: =(M112-M114)*M117 | N45: =(N112-N114)*N117 | ... AC45: =(AC112-AC114)*AC117
D46: 지역6 | F46: `26 목표 | G46: =(G121-G122)*G125 | H46: =(H121-H122)*H125 | I46: =(I121-I122)*I125 | J46: =(J121-J122)*J125 | K46: =(K121-K122)*K125 | L46: =(L121-L122)*L125 | M46: =(M121-M122)*M125 | N46: =(N121-N122)*N125 | ... AC46: =(AC121-AC122)*AC125
F47: `26 실적 | G47: =(G121-G123)*G126 | H47: =(H121-H123)*H126 | I47: =(I121-I123)*I126 | J47: =(J121-J123)*J126 | K47: =(K121-K123)*K126 | L47: =(L121-L123)*L126 | M47: =(M121-M123)*M126 | N47: =(N121-N123)*N126 | ... AC47: =(AC121-AC123)*AC126
D48: 지역7 | F48: `26 목표 | G48: =(G130-G131)*G134 | H48: =(H130-H131)*H134 | I48: =(I130-I131)*I134 | J48: =(J130-J131)*J134 | K48: =(K130-K131)*K134 | L48: =(L130-L131)*L134 | M48: =(M130-M131)*M134 | N48: =(N130-N131)*N134 | ... AC48: =(AC130-AC131)*AC134
F49: `26 실적 | G49: =(G130-G132)*G135 | H49: =(H130-H132)*H135 | I49: =(I130-I132)*I135 | J49: =(J130-J132)*J135 | K49: =(K130-K132)*K135 | L49: =(L130-L132)*L135 | M49: =(M130-M132)*M135 | N49: =(N130-N132)*N135 | ... AC49: =(AC130-AC132)*AC135
D50: 지역8 | F50: `26 목표 | G50: =(G139-G140)*G143 | H50: =(H139-H140)*H143 | I50: =(I139-I140)*I143 | J50: =(J139-J140)*J143 | K50: =(K139-K140)*K143 | L50: =(L139-L140)*L143 | M50: =(M139-M140)*M143 | N50: =(N139-N140)*N143 | ... AC50: =(AC139-AC140)*AC143
F51: `26 실적 | G51: =(G139-G141)*G144 | H51: =(H139-H141)*H144 | I51: =(I139-I141)*I144 | J51: =(J139-J141)*J144 | K51: =(K139-K141)*K144 | L51: =(L139-L141)*L144 | M51: =(M139-M141)*M144 | N51: =(N139-N141)*N144 | ... AC51: =(AC139-AC141)*AC144
C52: 제품2 | D52: 지역 합계 | F52: `26 목표 | G52: =(G157-G158)*G161 | H52: =(H157-H158)*H161 | I52: =(I157-I158)*I161 | J52: =(J157-J158)*J161 | K52: =(K157-K158)*K161 | L52: =(L157-L158)*L161 | M52: =(M157-M158)*M161 | N52: =(N157-N158)*N161 | ... AC52: =(AC157-AC158)*AC161
F53: `26 실적 | G53: =(G157-G159)*G162 | H53: =(H157-H159)*H162 | I53: =(I157-I159)*I162 | J53: =(J157-J159)*J162 | K53: =(K157-K159)*K162 | L53: =(L157-L159)*L162 | M53: =(M157-M159)*M162 | N53: =(N157-N159)*N162 | ... AC53: =(AC157-AC159)*AC162
D54: 지역1 | F54: `26 목표 | G54: =(G166-G167)*G170 | H54: =(H166-H167)*H170 | I54: =(I166-I167)*I170 | J54: =(J166-J167)*J170 | K54: =(K166-K167)*K170 | L54: =(L166-L167)*L170 | M54: =(M166-M167)*M170 | N54: =(N166-N167)*N170 | ... AC54: =(AC166-AC167)*AC170
F55: `26 실적 | G55: =(G166-G168)*G171 | H55: =(H166-H168)*H171 | I55: =(I166-I168)*I171 | J55: =(J166-J168)*J171 | K55: =(K166-K168)*K171 | L55: =(L166-L168)*L171 | M55: =(M166-M168)*M171 | N55: =(N166-N168)*N171 | ... AC55: =(AC166-AC168)*AC171
D56: 지역3 | F56: `26 목표 | G56: =(G175-G176)*G179 | H56: =(H175-H176)*H179 | I56: =(I175-I176)*I179 | J56: =(J175-J176)*J179 | K56: =(K175-K176)*K179 | L56: =(L175-L176)*L179 | M56: =(M175-M176)*M179 | N56: =(N175-N176)*N179 | ... AC56: =(AC175-AC176)*AC179
F57: `26 실적 | G57: =(G175-G177)*G180 | H57: =(H175-H177)*H180 | I57: =(I175-I177)*I180 | J57: =(J175-J177)*J180 | K57: =(K175-K177)*K180 | L57: =(L175-L177)*L180 | M57: =(M175-M177)*M180 | N57: =(N175-N177)*N180 | ... AC57: =(AC175-AC177)*AC180
B58: 가공비율 | C58: 키친솔루션 | D58: 제품1 + 제품2 | E58: 가공비율 | F58: `25 실적 | G58: =G64/G61 | H58: =H64/H61 | I58: =I64/I61 | J58: =J64/J61 | K58: =K64/K61 | L58: =L64/L61 | M58: =M64/M61 | N58: =N64/N61 | ... AC58: =AC64/AC61
F59: `26 목표 | G59: =G65/G62 | H59: =H65/H62 | I59: =I65/I62 | J59: =J65/J62 | K59: =K65/K62 | L59: =L65/L62 | M59: =M65/M62 | N59: =N65/N62 | ... AC59: =AC65/AC62
F60: `26 실적 | G60: =G66/G63 | H60: =H66/H63 | I60: =I66/I63 | J60: =J66/J63 | K60: =K66/K63 | L60: =L66/L63 | M60: =M66/M63 | N60: =N66/N63 | ... AC60: =AC66/AC63
E61: 생산액 | F61: `25 실적 | G61: =SUM(G70,G160) | H61: =SUM(H70,H160) | I61: =SUM(I70,I160) | J61: =SUM(J70,J160) | K61: =SUM(K70,K160) | L61: =SUM(L70,L160) | M61: =SUM(M70,M160) | N61: =SUM(N70,N160) | ... AC61: =SUM(AC70,AC160)
F62: `26 목표 | G62: =SUM(G71,G161) | H62: =SUM(H71,H161) | I62: =SUM(I71,I161) | J62: =SUM(J71,J161) | K62: =SUM(K71,K161) | L62: =SUM(L71,L161) | M62: =SUM(M71,M161) | N62: =SUM(N71,N161) | ... AC62: =SUM(AC71,AC161)
F63: `26 실적 | G63: =SUM(G72,G162) | H63: =SUM(H72,H162) | I63: =SUM(I72,I162) | J63: =SUM(J72,J162) | K63: =SUM(K72,K162) | L63: =SUM(L72,L162) | M63: =SUM(M72,M162) | N63: =SUM(N72,N162) | ... AC63: =SUM(AC72,AC162)
E64: 가공비 | F64: `25 실적 | G64: =SUM(G73,G163) | H64: =SUM(H73,H163) | I64: =SUM(I73,I163) | J64: =SUM(J73,J163) | K64: =SUM(K73,K163) | L64: =SUM(L73,L163) | M64: =SUM(M73,M163) | N64: =SUM(N73,N163) | ... AC64: =SUM(AC73,AC163)
F65: `26 목표 | G65: =SUM(G74,G164) | H65: =SUM(H74,H164) | I65: =SUM(I74,I164) | J65: =SUM(J74,J164) | K65: =SUM(K74,K164) | L65: =SUM(L74,L164) | M65: =SUM(M74,M164) | N65: =SUM(N74,N164) | ... AC65: =SUM(AC74,AC164)
F66: `26 실적 | G66: =SUM(G75,G165) | H66: =SUM(H75,H165) | I66: =SUM(I75,I165) | J66: =SUM(J75,J165) | K66: =SUM(K75,K165) | L66: =SUM(L75,L165) | M66: =SUM(M75,M165) | N66: =SUM(N75,N165) | ... AC66: =SUM(AC75,AC165)
C67: 제품1 | D67: 지역 합계 | E67: 가공비율 | F67: `25 실적 | G67: =G73/G70 | H67: =H73/H70 | I67: =I73/I70 | J67: =J73/J70 | K67: =K73/K70 | L67: =L73/L70 | M67: =M73/M70 | N67: =N73/N70 | ... AC67: =AC73/AC70
F68: `26 목표 | G68: =G74/G71 | H68: =H74/H71 | I68: =I74/I71 | J68: =J74/J71 | K68: =K74/K71 | L68: =L74/L71 | M68: =M74/M71 | N68: =N74/N71 | ... AC68: =AC74/AC71
F69: `26 실적 | G69: =G75/G72 | H69: =H75/H72 | I69: =I75/I72 | J69: =J75/J72 | K69: =K75/K72 | L69: =L75/L72 | M69: =M75/M72 | N69: =N75/N72 | ... AC69: =AC75/AC72
E70: 생산액 | F70: `25 실적 | G70: =SUM(G79,G88,G97,G106,G115,G124,G133,G142,G151) | H70: =SUM(H79,H88,H97,H106,H115,H124,H133,H142,H151) | I70: =SUM(I79,I88,I97,I106,I115,I124,I133,I142,I151) | J70: =SUM(J79,J88,J97,J106,J115,J124,J133,J142,J151) | K70: =SUM(K79,K88,K97,K106,K115,K124,K133,K142,K151) | L70: =SUM(L79,L88,L97,L106,L115,L124,L133,L142,L151) | M70: =SUM(M79,M88,M97,M106,M115,M124,M133,M142,M151) | N70: =SUM(N79,N88,N97,N106,N115,N124,N133,N142,N151) | ... AC70: =SUM(AC79,AC88,AC97,AC106,AC115,AC124,AC133,AC142,AC151)
F71: `26 목표 | G71: =SUM(G80,G89,G98,G107,G116,G125,G134,G143,G152) | H71: =SUM(H80,H89,H98,H107,H116,H125,H134,H143,H152) | I71: =SUM(I80,I89,I98,I107,I116,I125,I134,I143,I152) | J71: =SUM(J80,J89,J98,J107,J116,J125,J134,J143,J152) | K71: =SUM(K80,K89,K98,K107,K116,K125,K134,K143,K152) | L71: =SUM(L80,L89,L98,L107,L116,L125,L134,L143,L152) | M71: =SUM(M80,M89,M98,M107,M116,M125,M134,M143,M152) | N71: =SUM(N80,N89,N98,N107,N116,N125,N134,N143,N152) | ... AC71: =SUM(AC80,AC89,AC98,AC107,AC116,AC125,AC134,AC143,AC152)
F72: `26 실적 | G72: =SUM(G81,G90,G99,G108,G117,G126,G135,G144,G153) | H72: =SUM(H81,H90,H99,H108,H117,H126,H135,H144,H153) | I72: =SUM(I81,I90,I99,I108,I117,I126,I135,I144,I153) | J72: =SUM(J81,J90,J99,J108,J117,J126,J135,J144,J153) | K72: =SUM(K81,K90,K99,K108,K117,K126,K135,K144,K153) | L72: =SUM(L81,L90,L99,L108,L117,L126,L135,L144,L153) | M72: =SUM(M81,M90,M99,M108,M117,M126,M135,M144,M153) | N72: =SUM(N81,N90,N99,N108,N117,N126,N135,N144,N153) | ... AC72: =SUM(AC81,AC90,AC99,AC108,AC117,AC126,AC135,AC144,AC153)
E73: 가공비 | F73: `25 실적 | G73: =SUM(G82,G91,G100,G109,G118,G127,G136,G145,G154) | H73: =SUM(H82,H91,H100,H109,H118,H127,H136,H145,H154) | I73: =SUM(I82,I91,I100,I109,I118,I127,I136,I145,I154) | J73: =SUM(J82,J91,J100,J109,J118,J127,J136,J145,J154) | K73: =SUM(K82,K91,K100,K109,K118,K127,K136,K145,K154) | L73: =SUM(L82,L91,L100,L109,L118,L127,L136,L145,L154) | M73: =SUM(M82,M91,M100,M109,M118,M127,M136,M145,M154) | N73: =SUM(N82,N91,N100,N109,N118,N127,N136,N145,N154) | ... AC73: =SUM(AC82,AC91,AC100,AC109,AC118,AC127,AC136,AC145,AC154)
F74: `26 목표 | G74: =SUM(G83,G92,G101,G110,G119,G128,G137,G146,G155) | H74: =SUM(H83,H92,H101,H110,H119,H128,H137,H146,H155) | I74: =SUM(I83,I92,I101,I110,I119,I128,I137,I146,I155) | J74: =SUM(J83,J92,J101,J110,J119,J128,J137,J146,J155) | K74: =SUM(K83,K92,K101,K110,K119,K128,K137,K146,K155) | L74: =SUM(L83,L92,L101,L110,L119,L128,L137,L146,L155) | M74: =SUM(M83,M92,M101,M110,M119,M128,M137,M146,M155) | N74: =SUM(N83,N92,N101,N110,N119,N128,N137,N146,N155) | ... AC74: =SUM(AC83,AC92,AC101,AC110,AC119,AC128,AC137,AC146,AC155)
F75: `26 실적 | G75: =SUM(G84,G93,G102,G111,G120,G129,G138,G147,G156) | H75: =SUM(H84,H93,H102,H111,H120,H129,H138,H147,H156) | I75: =SUM(I84,I93,I102,I111,I120,I129,I138,I147,I156) | J75: =SUM(J84,J93,J102,J111,J120,J129,J138,J147,J156) | K75: =SUM(K84,K93,K102,K111,K120,K129,K138,K147,K156) | L75: =SUM(L84,L93,L102,L111,L120,L129,L138,L147,L156) | M75: =SUM(M84,M93,M102,M111,M120,M129,M138,M147,M156) | N75: =SUM(N84,N93,N102,N111,N120,N129,N138,N147,N156) | ... AC75: =SUM(AC84,AC93,AC102,AC111,AC120,AC129,AC138,AC147,AC156)
D76: 지역1 | E76: 가공비율 | F76: `25 실적 | G76: =G82/G79 | H76: =H82/H79 | I76: =I82/I79 | J76: =J82/J79 | K76: =K82/K79 | L76: =L82/L79 | M76: =M82/M79 | N76: =N82/N79 | ... AC76: =AC82/AC79
F77: `26 목표 | G77: =G83/G80 | H77: =H83/H80 | I77: =I83/I80 | J77: =J83/J80 | K77: =K83/K80 | L77: =L83/L80 | M77: =M83/M80 | N77: =N83/N80 | ... AC77: =AC83/AC80
F78: `26 실적 | G78: =G84/G81 | H78: =H84/H81 | I78: =I84/I81 | J78: =J84/J81 | K78: =K84/K81 | L78: =L84/L81 | M78: =M84/M81 | N78: =N84/N81 | ... AC78: =AC84/AC81
E79: 생산액 | F79: `25 실적 | G79: 92.290051 | H79: 92.290051 | I79: 92.290051 | J79: 92.290051 | K79: 92.290051 | L79: 92.290051 | M79: 66.925535 | N79: 66.925535 | O79: 66.925535 | P79: 66.925535 | Q79: 66.925535 | R79: 73.24296 | S79: 73.24296 | T79: 73.24296 | U79: 73.24296 | V79: 73.24296 | W79: 73.24296 | X79: 180.69458 | Y79: 180.69458 | Z79: 180.69458 | AA79: 180.69458 | AB79: 180.69458 | AC79: 180.69458
F80: `26 목표 | G80: 169.26474 | H80: 186.99994 | I80: 186.99994 | J80: 186.99994 | K80: 186.99994 | L80: 186.99994 | M80: 78.320671 | N80: 75.667409 | O80: 75.667409 | P80: 75.667409 | Q80: 75.667409 | R80: 115.67543 | S80: 80.346148 | T80: 80.346148 | U80: 80.346148 | V80: 80.346148 | W80: 80.346148 | X80: 82.634767 | Y80: 82.634767 | Z80: 82.634767 | AA80: 82.634767 | AB80: 82.634767 | AC80: 82.634767
F81: `26 실적 | G81: 94.591051 | H81: 140.5882 | I81: 93.338108 | J81: 93.338108 | K81: 93.338108 | L81: 93.338108 | M81: 92.421658 | N81: 51.465578 | O81: 51.465578 | P81: 51.465578 | Q81: 65.417185 | R81: 76.458932 | S81: 80.408396 | T81: 80.408396 | U81: 103.90208 | V81: 103.90208 | W81: 80.408396 | X81: 51.136588 | Y81: 98.061 | Z81: 98.061 | AA81: 77.658067 | AB81: 98.061 | AC81: 77.658067
E82: 가공비 | F82: `25 실적 | G82: 9.913492 | H82: 9.913492 | I82: 9.913492 | J82: 9.913492 | K82: 9.913492 | L82: 9.913492 | M82: 20.173504 | N82: 20.173504 | O82: 20.173504 | P82: 20.173504 | Q82: 20.173504 | R82: 22.034302 | S82: 22.034302 | T82: 22.034302 | U82: 22.034302 | V82: 22.034302 | W82: 22.034302 | X82: 8.842974 | Y82: 8.842974 | Z82: 8.842974 | AA82: 8.842974 | AB82: 8.842974 | AC82: 8.842974
F83: `26 목표 | G83: 16.683001 | H83: 8.353554 | I83: 8.353554 | J83: 8.353554 | K83: 8.353554 | L83: 8.353554 | M83: 7.716616 | N83: 13.803036 | O83: 13.803036 | P83: 13.803036 | Q83: 13.803036 | R83: 7.268465 | S83: 16.079886 | T83: 16.079886 | U83: 16.079886 | V83: 16.079886 | W83: 16.079886 | X83: 13.28614 | Y83: 13.28614 | Z83: 13.28614 | AA83: 13.28614 | AB83: 13.28614 | AC83: 13.28614
F84: `26 실적 | G84: 12.699285 | H84: 11.211 | I84: 9.904855 | J84: 9.904855 | K84: 9.904855 | L84: 9.904855 | M84: 11.461288 | N84: 14.726844 | O84: 14.726844 | P84: 14.726844 | Q84: 8.257962 | R84: 9.908266 | S84: 5.580169 | T84: 5.580169 | U84: 12.29167 | V84: 12.29167 | W84: 5.580169 | X84: 16.844859 | Y84: 8.681287 | Z84: 15.544025 | AA84: 7.824962 | AB84: 15.544025 | AC84: 7.824962
D85: 지역2 | E85: 가공비율 | F85: `25 실적 | G85: =G91/G88 | H85: =H91/H88 | I85: =I91/I88 | J85: =J91/J88 | K85: =K91/K88 | L85: =L91/L88 | M85: =M91/M88 | N85: =N91/N88 | ... AC85: =AC91/AC88
F86: `26 목표 | G86: =G92/G89 | H86: =H92/H89 | I86: =I92/I89 | J86: =J92/J89 | K86: =K92/K89 | L86: =L92/L89 | M86: =M92/M89 | N86: =N92/N89 | ... AC86: =AC92/AC89
F87: `26 실적 | G87: =G93/G90 | H87: =H93/H90 | I87: =I93/I90 | J87: =J93/J90 | K87: =K93/K90 | L87: =L93/L90 | M87: =M93/M90 | N87: =N93/N90 | ... AC87: =AC93/AC90
E88: 생산액 | F88: `25 실적 | G88: 152.54957 | H88: 152.54957 | I88: 152.54957 | J88: 152.54957 | K88: 152.54957 | L88: 152.54957 | M88: 70.736689 | N88: 70.736689 | O88: 70.736689 | P88: 70.736689 | Q88: 70.736689 | R88: 104.3221 | S88: 104.3221 | T88: 104.3221 | U88: 104.3221 | V88: 104.3221 | W88: 104.3221 | X88: 160.50265 | Y88: 160.50265 | Z88: 160.50265 | AA88: 160.50265 | AB88: 160.50265 | AC88: 160.50265
F89: `26 목표 | G89: 95.67299 | H89: 78.936521 | I89: 78.936521 | J89: 78.936521 | K89: 78.936521 | L89: 78.936521 | M89: 118.46946 | N89: 71.941967 | O89: 71.941967 | P89: 71.941967 | Q89: 71.941967 | R89: 65.856282 | S89: 71.378927 | T89: 71.378927 | U89: 71.378927 | V89: 71.378927 | W89: 71.378927 | X89: 51.770549 | Y89: 51.770549 | Z89: 51.770549 | AA89: 51.770549 | AB89: 51.770549 | AC89: 51.770549
F90: `26 실적 | G90: 142.4054 | H90: 124.67 | I90: 142.83474 | J90: 142.83474 | K90: 142.83474 | L90: 142.83474 | M90: 87.969911 | N90: 86.301564 | O90: 86.301564 | P90: 86.301564 | Q90: 98.257641 | R90: 122.72176 | S90: 60.002077 | T90: 60.002077 | U90: 73.740137 | V90: 73.740137 | W90: 60.002077 | X90: 54.856592 | Y90: 61.948898 | Z90: 66.480255 | AA90: 138.08157 | AB90: 66.480255 | AC90: 138.08157
E91: 가공비 | F91: `25 실적 | G91: 7.0685784 | H91: 7.0685784 | I91: 7.0685784 | J91: 7.0685784 | K91: 7.0685784 | L91: 7.0685784 | M91: 3.3292111 | N91: 3.3292111 | O91: 3.3292111 | P91: 3.3292111 | Q91: 3.3292111 | R91: 3.9480404 | S91: 3.9480404 | T91: 3.9480404 | U91: 3.9480404 | V91: 3.9480404 | W91: 3.9480404 | X91: 3.4787603 | Y91: 3.4787603 | Z91: 3.4787603 | AA91: 3.4787603 | AB91: 3.4787603 | AC91: 3.4787603
F92: `26 목표 | G92: 3.464596 | H92: 3.5567078 | I92: 3.5567078 | J92: 3.5567078 | K92: 3.5567078 | L92: 3.5567078 | M92: 7.5799068 | N92: 6.9024926 | O92: 6.9024926 | P92: 6.9024926 | Q92: 6.9024926 | R92: 8.5277229 | S92: 6.5853153 | T92: 6.5853153 | U92: 6.5853153 | V92: 6.5853153 | W92: 6.5853153 | X92: 5.2078182 | Y92: 5.2078182 | Z92: 5.2078182 | AA92: 5.2078182 | AB92: 5.2078182 | AC92: 5.2078182
F93: `26 실적 | G93: 4.3180322 | H93: 3.6730618 | I93: 6.6286901 | J93: 6.6286901 | K93: 6.6286901 | L93: 6.6286901 | M93: 8.3725703 | N93: 2.5742956 | O93: 2.5742956 | P93: 2.5742956 | Q93: 4.122192 | R93: 8.5226938 | S93: 3.7887975 | T93: 3.7887975 | U93: 2.7993739 | V93: 2.7993739 | W93: 3.7887975 | X93: 7.1823597 | Y93: 6.1294351 | Z93: 6.1294351 | AA93: 4.1763708 | AB93: 6.1294351 | AC93: 4.1763708
D94: 지역3 | E94: 가공비율 | F94: `25 실적 | G94: =G100/G97 | H94: =H100/H97 | I94: =I100/I97 | J94: =J100/J97 | K94: =K100/K97 | L94: =L100/L97 | M94: =M100/M97 | N94: =N100/N97 | ... AC94: =AC100/AC97
F95: `26 목표 | G95: =G101/G98 | H95: =H101/H98 | I95: =I101/I98 | J95: =J101/J98 | K95: =K101/K98 | L95: =L101/L98 | M95: =M101/M98 | N95: =N101/N98 | ... AC95: =AC101/AC98
F96: `26 실적 | G96: =G102/G99 | H96: =H102/H99 | I96: =I102/I99 | J96: =J102/J99 | K96: =K102/K99 | L96: =L102/L99 | M96: =M102/M99 | N96: =N102/N99 | ... AC96: =AC102/AC99
E97: 생산액 | F97: `25 실적 | G97: 19.000645 | H97: 19.000645 | I97: 19.000645 | J97: 19.000645 | K97: 19.000645 | L97: 19.000645 | M97: 27.908857 | N97: 27.908857 | O97: 27.908857 | P97: 27.908857 | Q97: 27.908857 | R97: 19.852697 | S97: 19.852697 | T97: 19.852697 | U97: 19.852697 | V97: 19.852697 | W97: 19.852697 | X97: 48.202027 | Y97: 48.202027 | Z97: 48.202027 | AA97: 48.202027 | AB97: 48.202027 | AC97: 48.202027
F98: `26 목표 | G98: 23.510471 | H98: 41.777171 | I98: 41.777171 | J98: 41.777171 | K98: 41.777171 | L98: 41.777171 | M98: 37.694476 | N98: 24.806567 | O98: 24.806567 | P98: 24.806567 | Q98: 24.806567 | R98: 30.260794 | S98: 51.990951 | T98: 51.990951 | U98: 51.990951 | V98: 51.990951 | W98: 51.990951 | X98: 52.8217 | Y98: 52.8217 | Z98: 52.8217 | AA98: 52.8217 | AB98: 52.8217 | AC98: 52.8217
F99: `26 실적 | G99: 16.670218 | H99: 21.265362 | I99: 47.843057 | J99: 47.843057 | K99: 47.843057 | L99: 47.843057 | M99: 33.08097 | N99: 28.617236 | O99: 28.617236 | P99: 28.617236 | Q99: 37.989926 | R99: 32.720116 | S99: 24.931221 | T99: 24.931221 | U99: 44.792597 | V99: 44.792597 | W99: 24.931221 | X99: 34.43808 | Y99: 62.531371 | Z99: 62.531371 | AA99: 43.343494 | AB99: 62.531371 | AC99: 43.343494
E100: 가공비 | F100: `25 실적 | G100: 1.1869919 | H100: 1.1869919 | I100: 1.1869919 | J100: 1.1869919 | K100: 1.1869919 | L100: 1.1869919 | M100: 1.8608094 | N100: 1.8608094 | O100: 1.8608094 | P100: 1.8608094 | Q100: 1.8608094 | R100: 1.4550076 | S100: 1.4550076 | T100: 1.4550076 | U100: 1.4550076 | V100: 1.4550076 | W100: 1.4550076 | X100: 2.5591288 | Y100: 2.5591288 | Z100: 2.5591288 | AA100: 2.5591288 | AB100: 2.5591288 | AC100: 2.5591288
F101: `26 목표 | G101: 1.9408327 | H101: 1.8012846 | I101: 1.8012846 | J101: 1.8012846 | K101: 1.8012846 | L101: 1.8012846 | M101: 2.7579261 | N101: 1.2103973 | O101: 1.2103973 | P101: 1.2103973 | Q101: 1.2103973 | R101: 1.2637992 | S101: 2.0170956 | T101: 2.0170956 | U101: 2.0170956 | V101: 2.0170956 | W101: 2.0170956 | X101: 1.2130622 | Y101: 1.2130622 | Z101: 1.2130622 | AA101: 1.2130622 | AB101: 1.2130622 | AC101: 1.2130622
...

Sheet 물류비
D1: 계획환율 | E1: 1350 | F1: 1350 | G1: 1350 | H1: 1350 | I1: 1350 | J1: 1350 | K1: 1350 | L1: 1350 | M1: 1350 | N1: 1350 | O1: 1350 | P1: 1350 | Q1: 1350 | R1: 1350 | S1: 1350 | T1: 1350 | U1: 1350 | V1: 1350 | W1: 1350 | X1: 1350 | Y1: 1350 | Z1: 1350 | AA1: 1350
D2: 실제환율 | E2: 1454.6258 | F2: 1454.6258 | G2: 1454.6258 | H2: 1460 | I2: 1460 | J2: 1447.7357 | K2: 1450 | L2: 1450 | M2: 1460 | N2: 1450 | O2: 1482.8516 | P2: 1440 | Q2: 1440 | R2: 1440 | S2: 1450 | T2: 1450 | U2: 1460 | V2: 1450 | W2: 1482.8516 | X2: 1440 | Y2: 1440 | Z2: 1450 | AA2: 1450
E4: 1월 | K4: 2월 | P4: 3월 | V4: 4월 | AB4: 5월 | AI4: 6월 | AO4: 7월 | AU4: 8월 | BB4: 9월 | BH4: 10월 | BN4: 11월 | BT4: 12월
E5: 실적 | F5: W1 | G5: W2 | H5: W3 | I5: W4 | J5: W5 | K5: 실적 | L5: W6 | M5: W7 | N5: W8 | O5: W9 | P5: 실적 | Q5: W10 | R5: W11 | S5: W12 | T5: W13 | U5: W14 | V5: 실적 | W5: W14 | X5: W15 | Y5: W16 | Z5: W17 | AA5: W18 | AB5: 실적 | AC5: W18 | AD5: W19 | AE5: W20 | AF5: W21 | AG5: W22 | AH5: W23 | AI5: 실적 | AJ5: W23 | AK5: W24 | AL5: W25 | AM5: W26 | AN5: W27 | AO5: 실적 | AP5: W27 | AQ5: W28 | AR5: W29 | AS5: W30 | AT5: W31 | AU5: 실적 | AV5: W31 | AW5: W32 | AX5: W33 | AY5: W34 | AZ5: W35 | BA5: W36 | BB5: 실적 | BC5: W36 | BD5: W37 | BE5: W38 | BF5: W39 | BG5: W40 | BH5: 실적 | BI5: W40 | BJ5: W41 | BK5: W42 | BL5: W43 | BM5: W44 | BN5: 실적 | BO5: W45 | BP5: W46 | BQ5: W47 | BR5: W48 | BS5: W49 | BT5: 실적 | BU5: W49 | BV5: W50 | BW5: W51 | BX5: W52 | BY5: W53
B6: 합계 | C6: 매출 | D6: `25 실적 | E6: 990.87306 | F6: 990.87306 | G6: 990.87306 | H6: 990.87306 | I6: 990.87306 | J6: 990.87306 | K6: 469.30086 | L6: 469.30086 | M6: 469.30086 | N6: 469.30086 | O6: 469.30086 | P6: 884.12491 | Q6: 884.12491 | R6: 884.12491 | S6: 884.12491 | T6: 884.12491 | U6: 884.12491 | V6: 428.98629 | W6: 428.98629 | X6: 428.98629 | Y6: 428.98629 | Z6: 428.98629 | AA6: 428.98629
D7: `26 목표 | E7: 799.29098 | F7: 799.29098 | G7: 799.29098 | H7: 799.29098 | I7: 799.29098 | J7: 799.29098 | K7: 672.18677 | L7: 672.18677 | M7: 672.18677 | N7: 672.18677 | O7: 672.18677 | P7: 1045.4408 | Q7: 1045.4408 | R7: 1045.4408 | S7: 1045.4408 | T7: 1045.4408 | U7: 1045.4408 | V7: 1205.0751 | W7: 1205.0751 | X7: 1205.0751 | Y7: 1205.0751 | Z7: 1205.0751 | AA7: 1205.0751
D8: `26 실적 | E8: 1074.0633 | F8: 805.17197 | G8: 805.17197 | H8: 805.17197 | I8: 805.17197 | J8: 805.17197 | K8: 1056.1486 | L8: 784.78953 | M8: 784.78953 | N8: 719.0363 | O8: 785.64002 | P8: 802.91878 | Q8: 448.14559 | R8: 448.14559 | S8: 448.14559 | T8: 1088.673 | U8: 448.14559 | V8: 756.45817 | W8: 668.04678 | X8: 668.04678 | Y8: 668.04678 | Z8: 668.04678 | AA8: 1017.8836
C9: 개선금액(원) | D9: `26 목표 | E9: =E11*E$1/10^2 | F9: =F11*F$1/10^2 | G9: =G11*G$1/10^2 | H9: =H11*H$1/10^2 | I9: =I11*I$1/10^2 | J9: =J11*J$1/10^2 | K9: =K11*K$1/10^2 | L9: =L11*L$1/10^2 | ... AA9: =AA11*AA$1/10^2
D10: `26 실적 | E10: =E12*E$2/10^2 | F10: =F12*F$2/10^2 | G10: =G12*G$2/10^2 | H10: =H12*H$2/10^2 | I10: =I12*I$2/10^2 | J10: =J12*J$2/10^2 | K10: =K12*K$2/10^2 | L10: =L12*L$2/10^2 | ... AA10: =AA12*AA$2/10^2
C11: 개선금액($) | D11: `26 목표 | E11: =(E13-E14)*E7 | F11: =(F13-F14)*F7 | G11: =(G13-G14)*G7 | H11: =(H13-H14)*H7 | I11: =(I13-I14)*I7 | J11: =(J13-J14)*J7 | K11: =(K13-K14)*K7 | L11: =(L13-L14)*L7 | ... AA11: =(AA13-AA14)*AA7
D12: `26 실적 | E12: =(E13-E15)*E8 | F12: =(F13-F15)*F8 | G12: =(G13-G15)*G8 | H12: =(H13-H15)*H8 | I12: =(I13-I15)*I8 | J12: =(J13-J15)*J8 | K12: =(K13-K15)*K8 | L12: =(L13-L15)*L8 | ... AA12: =(AA13-AA15)*AA8
C13: 물류비율 | D13: `25 실적 | E13: =E16/E6 | F13: =F16/F6 | G13: =G16/G6 | H13: =H16/H6 | I13: =I16/I6 | J13: =J16/J6 | K13: =K16/K6 | L13: =L16/L6 | ... AA13: =AA16/AA6
D14: `26 목표 | E14: =E17/E7 | F14: =F17/F7 | G14: =G17/G7 | H14: =H17/H7 | I14: =I17/I7 | J14: =J17/J7 | K14: =K17/K7 | L14: =L17/L7 | ... AA14: =AA17/AA7
D15: `26 실적 | E15: =E18/E8 | F15: =F18/F8 | G15: =G18/G8 | H15: =H18/H8 | I15: =I18/I8 | J15: =J18/J8 | K15: =K18/K8 | L15: =L18/L8 | ... AA15: =AA18/AA8
C16: 물류비 | D16: `25 실적 | E16: =SUM(E26,E36,E46,E56,E66) | F16: =SUM(F26,F36,F46,F56,F66) | G16: =SUM(G26,G36,G46,G56,G66) | H16: =SUM(H26,H36,H46,H56,H66) | I16: =SUM(I26,I36,I46,I56,I66) | J16: =SUM(J26,J36,J46,J56,J66) | K16: =SUM(K26,K36,K46,K56,K66) | L16: =SUM(L26,L36,L46,L56,L66) | ... AA16: =SUM(AA26,AA36,AA46,AA56,AA66)
D17: `26 목표 | E17: =SUM(E27,E37,E47,E57,E67) | F17: =SUM(F27,F37,F47,F57,F67) | G17: =SUM(G27,G37,G47,G57,G67) | H17: =SUM(H27,H37,H47,H57,H67) | I17: =SUM(I27,I37,I47,I57,I67) | J17: =SUM(J27,J37,J47,J57,J67) | K17: =SUM(K27,K37,K47,K57,K67) | L17: =SUM(L27,L37,L47,L57,L67) | ... AA17: =SUM(AA27,AA37,AA47,AA57,AA67)
D18: `26 실적 | E18: =SUM(E28,E38,E48,E58,E68) | F18: =SUM(F28,F38,F48,F58,F68) | G18: =SUM(G28,G38,G48,G58,G68) | H18: =SUM(H28,H38,H48,H58,H68) | I18: =SUM(I28,I38,I48,I58,I68) | J18: =SUM(J28,J38,J48,J58,J68) | K18: =SUM(K28,K38,K48,K58,K68) | L18: =SUM(L28,L38,L48,L58,L68) | ... AA18: =SUM(AA28,AA38,AA48,AA58,AA68)
B19: 해상 | C19: 개선금액(원) | D19: `26 목표 | E19: =E21*E$1/10^2 | F19: =F21*F$1/10^2 | G19: =G21*G$1/10^2 | H19: =H21*H$1/10^2 | I19: =I21*I$1/10^2 | J19: =J21*J$1/10^2 | K19: =K21*K$1/10^2 | L19: =L21*L$1/10^2 | ... AA19: =AA21*AA$1/10^2
D20: `26 실적 | E20: =E22*E$2/10^2 | F20: =F22*F$2/10^2 | G20: =G22*G$2/10^2 | H20: =H22*H$2/10^2 | I20: =I22*I$2/10^2 | J20: =J22*J$2/10^2 | K20: =K22*K$2/10^2 | L20: =L22*L$2/10^2 | ... AA20: =AA22*AA$2/10^2
C21: 개선금액($) | D21: `26 목표 | E21: =(E23-E24)*E7 | F21: =(F23-F24)*F7 | G21: =(G23-G24)*G7 | H21: =(H23-H24)*H7 | I21: =(I23-I24)*I7 | J21: =(J23-J24)*J7 | K21: =(K23-K24)*K7 | L21: =(L23-L24)*L7 | ... AA21: =(AA23-AA24)*AA7
D22: `26 실적 | E22: =(E23-E25)*E8 | F22: =(F23-F25)*F8 | G22: =(G23-G25)*G8 | H22: =(H23-H25)*H8 | I22: =(I23-I25)*I8 | J22: =(J23-J25)*J8 | K22: =(K23-K25)*K8 | L22: =(L23-L25)*L8 | ... AA22: =(AA23-AA25)*AA8
C23: 물류비율 | D23: `25 실적 | E23: =E26/E6 | F23: =F26/F6 | G23: =G26/G6 | H23: =H26/H6 | I23: =I26/I6 | J23: =J26/J6 | K23: =K26/K6 | L23: =L26/L6 | ... AA23: =AA26/AA6
D24: `26 목표 | E24: =E27/E7 | F24: =F27/F7 | G24: =G27/G7 | H24: =H27/H7 | I24: =I27/I7 | J24: =J27/J7 | K24: =K27/K7 | L24: =L27/L7 | ... AA24: =AA27/AA7
D25: `26 실적 | E25: =E28/E8 | F25: =F28/F8 | G25: =G28/G8 | H25: =H28/H8 | I25: =I28/I8 | J25: =J28/J8 | K25: =K28/K8 | L25: =L28/L8 | ... AA25: =AA28/AA8
C26: 물류비 | D26: `25 실적 | E26: 34.317279 | F26: 34.317279 | G26: 34.317279 | H26: 34.317279 | I26: 34.317279 | J26: 34.317279 | K26: 27.16303 | L26: 27.16303 | M26: 27.16303 | N26: 27.16303 | O26: 27.16303 | P26: 46.170446 | Q26: 46.170446 | R26: 46.170446 | S26: 46.170446 | T26: 46.170446 | U26: 46.170446 | V26: 22.07982 | W26: 22.07982 | X26: 22.07982 | Y26: 22.07982 | Z26: 22.07982 | AA26: 22.07982
D27: `26 목표 | E27: 35.525401 | F27: 35.525401 | G27: 35.525401 | H27: 35.525401 | I27: 35.525401 | J27: 35.525401 | K27: 15.68777 | L27: 15.68777 | M27: 15.68777 | N27: 15.68777 | O27: 15.68777 | P27: 23.234671 | Q27: 23.234671 | R27: 23.234671 | S27: 23.234671 | T27: 23.234671 | U27: 23.234671 | V27: 27.821701 | W27: 27.821701 | X27: 27.821701 | Y27: 27.821701 | Z27: 27.821701 | AA27: 27.821701
D28: `26 실적 | E28: 43.308148 | F28: 37.380411 | G28: 37.380411 | H28: 37.380411 | I28: 37.380411 | J28: 37.380411 | K28: 29.27355 | L28: 22.461225 | M28: 29.665054 | N28: 31.663867 | O28: 18.419 | P28: 35.610924 | Q28: 35.566277 | R28: 35.566277 | S28: 35.566277 | T28: 34.547537 | U28: 35.566277 | V28: 22.042961 | W28: 39.653132 | X28: 39.653132 | Y28: 39.653132 | Z28: 39.653132 | AA28: 40.567816
B29: 트럭 | C29: 개선금액(원) | D29: `26 목표 | E29: =E31*E$1/10^2 | F29: =F31*F$1/10^2 | G29: =G31*G$1/10^2 | H29: =H31*H$1/10^2 | I29: =I31*I$1/10^2 | J29: =J31*J$1/10^2 | K29: =K31*K$1/10^2 | L29: =L31*L$1/10^2 | ... AA29: =AA31*AA$1/10^2
D30: `26 실적 | E30: =E32*E$2/10^2 | F30: =F32*F$2/10^2 | G30: =G32*G$2/10^2 | H30: =H32*H$2/10^2 | I30: =I32*I$2/10^2 | J30: =J32*J$2/10^2 | K30: =K32*K$2/10^2 | L30: =L32*L$2/10^2 | ... AA30: =AA32*AA$2/10^2
C31: 개선금액($) | D31: `26 목표 | E31: =(E33-E34)*E7 | F31: =(F33-F34)*F7 | G31: =(G33-G34)*G7 | H31: =(H33-H34)*H7 | I31: =(I33-I34)*I7 | J31: =(J33-J34)*J7 | K31: =(K33-K34)*K7 | L31: =(L33-L34)*L7 | ... AA31: =(AA33-AA34)*AA7
D32: `26 실적 | E32: =(E33-E35)*E8 | F32: =(F33-F35)*F8 | G32: =(G33-G35)*G8 | H32: =(H33-H35)*H8 | I32: =(I33-I35)*I8 | J32: =(J33-J35)*J8 | K32: =(K33-K35)*K8 | L32: =(L33-L35)*L8 | ... AA32: =(AA33-AA35)*AA8
C33: 물류비율 | D33: `25 실적 | E33: =E36/E6 | F33: =F36/F6 | G33: =G36/G6 | H33: =H36/H6 | I33: =I36/I6 | J33: =J36/J6 | K33: =K36/K6 | L33: =L36/L6 | ... AA33: =AA36/AA6
D34: `26 목표 | E34: =E37/E7 | F34: =F37/F7 | G34: =G37/G7 | H34: =H37/H7 | I34: =I37/I7 | J34: =J37/J7 | K34: =K37/K7 | L34: =L37/L7 | ... AA34: =AA37/AA7
D35: `26 실적 | E35: =E38/E8 | F35: =F38/F8 | G35: =G38/G8 | H35: =H38/H8 | I35: =I38/I8 | J35: =J38/J8 | K35: =K38/K8 | L35: =L38/L8 | ... AA35: =AA38/AA8
C36: 물류비 | D36: `25 실적 | E36: 29.56399 | F36: 29.56399 | G36: 29.56399 | H36: 29.56399 | I36: 29.56399 | J36: 29.56399 | K36: 32.273222 | L36: 32.273222 | M36: 32.273222 | N36: 32.273222 | O36: 32.273222 | P36: 49.74129 | Q36: 49.74129 | R36: 49.74129 | S36: 49.74129 | T36: 49.74129 | U36: 49.74129 | V36: 56.000082 | W36: 56.000082 | X36: 56.000082 | Y36: 56.000082 | Z36: 56.000082 | AA36: 56.000082
D37: `26 목표 | E37: 50.457532 | F37: 50.457532 | G37: 50.457532 | H37: 50.457532 | I37: 50.457532 | J37: 50.457532 | K37: 34.586825 | L37: 34.586825 | M37: 34.586825 | N37: 34.586825 | O37: 34.586825 | P37: 41.257073 | Q37: 41.257073 | R37: 41.257073 | S37: 41.257073 | T37: 41.257073 | U37: 41.257073 | V37: 44.346318 | W37: 44.346318 | X37: 44.346318 | Y37: 44.346318 | Z37: 44.346318 | AA37: 44.346318
D38: `26 실적 | E38: 40.079517 | F38: 20.164111 | G38: 20.164111 | H38: 20.164111 | I38: 20.164111 | J38: 20.164111 | K38: 38.774181 | L38: 40.362321 | M38: 25.642278 | N38: 40.622388 | O38: 21.676166 | P38: 43.010166 | Q38: 32.181512 | R38: 32.181512 | S38: 32.181512 | T38: 50.646334 | U38: 32.181512 | V38: 27.65919 | W38: 43.03636 | X38: 43.03636 | Y38: 43.03636 | Z38: 43.03636 | AA38: 52.945092
B39: 철송 | C39: 개선금액(원) | D39: `26 목표 | E39: =E41*E$1/10^2 | F39: =F41*F$1/10^2 | G39: =G41*G$1/10^2 | H39: =H41*H$1/10^2 | I39: =I41*I$1/10^2 | J39: =J41*J$1/10^2 | K39: =K41*K$1/10^2 | L39: =L41*L$1/10^2 | ... AA39: =AA41*AA$1/10^2
D40: `26 실적 | E40: =E42*E$2/10^2 | F40: =F42*F$2/10^2 | G40: =G42*G$2/10^2 | H40: =H42*H$2/10^2 | I40: =I42*I$2/10^2 | J40: =J42*J$2/10^2 | K40: =K42*K$2/10^2 | L40: =L42*L$2/10^2 | ... AA40: =AA42*AA$2/10^2
C41: 개선금액($) | D41: `26 목표 | E41: =(E43-E44)*E7 | F41: =(F43-F44)*F7 | G41: =(G43-G44)*G7 | H41: =(H43-H44)*H7 | I41: =(I43-I44)*I7 | J41: =(J43-J44)*J7 | K41: =(K43-K44)*K7 | L41: =(L43-L44)*L7 | ... AA41: =(AA43-AA44)*AA7
D42: `26 실적 | E42: =(E43-E45)*E8 | F42: =(F43-F45)*F8 | G42: =(G43-G45)*G8 | H42: =(H43-H45)*H8 | I42: =(I43-I45)*I8 | J42: =(J43-J45)*J8 | K42: =(K43-K45)*K8 | L42: =(L43-L45)*L8 | ... AA42: =(AA43-AA45)*AA8
C43: 물류비율 | D43: `25 실적 | E43: =E46/E6 | F43: =F46/F6 | G43: =G46/G6 | H43: =H46/H6 | I43: =I46/I6 | J43: =J46/J6 | K43: =K46/K6 | L43: =L46/L6 | ... AA43: =AA46/AA6
D44: `26 목표 | E44: =E47/E7 | F44: =F47/F7 | G44: =G47/G7 | H44: =H47/H7 | I44: =I47/I7 | J44: =J47/J7 | K44: =K47/K7 | L44: =L47/L7 | ... AA44: =AA47/AA7
D45: `26 실적 | E45: =E48/E8 | F45: =F48/F8 | G45: =G48/G8 | H45: =H48/H8 | I45: =I48/I8 | J45: =J48/J8 | K45: =K48/K8 | L45: =L48/L8 | ... AA45: =AA48/AA8
C46: 물류비 | D46: `25 실적 | E46: 2.8438514 | F46: 2.8438514 | G46: 2.8438514 | H46: 2.8438514 | I46: 2.8438514 | J46: 2.8438514 | K46: 1.9499662 | L46: 1.9499662 | M46: 1.9499662 | N46: 1.9499662 | O46: 1.9499662 | P46: 1.4753913 | Q46: 1.4753913 | R46: 1.4753913 | S46: 1.4753913 | T46: 1.4753913 | U46: 1.4753913 | V46: 1.0834491 | W46: 1.0834491 | X46: 1.0834491 | Y46: 1.0834491 | Z46: 1.0834491 | AA46: 1.0834491
D47: `26 목표 | E47: 0.8991083 | F47: 0.8991083 | G47: 0.8991083 | H47: 0.8991083 | I47: 0.8991083 | J47: 0.8991083 | K47: 0.71870461 | L47: 0.71870461 | M47: 0.71870461 | N47: 0.71870461 | O47: 0.71870461 | P47: 0.91386733 | Q47: 0.91386733 | R47: 0.91386733 | S47: 0.91386733 | T47: 0.91386733 | U47: 0.91386733 | V47: 2.3891905 | W47: 2.3891905 | X47: 2.3891905 | Y47: 2.3891905 | Z47: 2.3891905 | AA47: 2.3891905
D48: `26 실적 | E48: 0.94547835 | F48: 0.7939517 | G48: 0.7939517 | H48: 0.7939517 | I48: 0.7939517 | J48: 0.7939517 | K48: 0.95 | L48: 0.95 | M48: 0.95 | N48: 2.1306502 | O48: 1.1048566 | P48: 0.76347474 | Q48: 1.8438412 | R48: 1.8438412 | S48: 1.8438412 | T48: 1.1847505 | U48: 1.8438412 | V48: 0.72885805 | W48: 1.5514357 | X48: 1.5514357 | Y48: 1.5514357 | Z48: 1.5514357 | AA48: 2.0755608
B49: 창고 | C49: 개선금액(원) | D49: `26 목표 | E49: =E51*E$1/10^2 | F49: =F51*F$1/10^2 | G49: =G51*G$1/10^2 | H49: =H51*H$1/10^2 | I49: =I51*I$1/10^2 | J49: =J51*J$1/10^2 | K49: =K51*K$1/10^2 | L49: =L51*L$1/10^2 | ... AA49: =AA51*AA$1/10^2
D50: `26 실적 | E50: =E52*E$2/10^2 | F50: =F52*F$2/10^2 | G50: =G52*G$2/10^2 | H50: =H52*H$2/10^2 | I50: =I52*I$2/10^2 | J50: =J52*J$2/10^2 | K50: =K52*K$2/10^2 | L50: =L52*L$2/10^2 | ... AA50: =AA52*AA$2/10^2
C51: 개선금액($) | D51: `26 목표 | E51: =(E53-E54)*E7 | F51: =(F53-F54)*F7 | G51: =(G53-G54)*G7 | H51: =(H53-H54)*H7 | I51: =(I53-I54)*I7 | J51: =(J53-J54)*J7 | K51: =(K53-K54)*K7 | L51: =(L53-L54)*L7 | ... AA51: =(AA53-AA54)*AA7
D52: `26 실적 | E52: =(E53-E55)*E8 | F52: =(F53-F55)*F8 | G52: =(G53-G55)*G8 | H52: =(H53-H55)*H8 | I52: =(I53-I55)*I8 | J52: =(J53-J55)*J8 | K52: =(K53-K55)*K8 | L52: =(L53-L55)*L8 | ... AA52: =(AA53-AA55)*AA8
C53: 물류비율 | D53: `25 실적 | E53: =E56/E6 | F53: =F56/F6 | G53: =G56/G6 | H53: =H56/H6 | I53: =I56/I6 | J53: =J56/J6 | K53: =K56/K6 | L53: =L56/L6 | ... AA53: =AA56/AA6
D54: `26 목표 | E54: =E57/E7 | F54: =F57/F7 | G54: =G57/G7 | H54: =H57/H7 | I54: =I57/I7 | J54: =J57/J7 | K54: =K57/K7 | L54: =L57/L7 | ... AA54: =AA57/AA7
D55: `26 실적 | E55: =E58/E8 | F55: =F58/F8 | G55: =G58/G8 | H55: =H58/H8 | I55: =I58/I8 | J55: =J58/J8 | K55: =K58/K8 | L55: =L58/L8 | ... AA55: =AA58/AA8
C56: 물류비 | D56: `25 실적 | E56: 21.42491 | F56: 21.42491 | G56: 21.42491 | H56: 21.42491 | I56: 21.42491 | J56: 21.42491 | K56: 7.4859292 | L56: 7.4859292 | M56: 7.4859292 | N56: 7.4859292 | O56: 7.4859292 | P56: 8.6894754 | Q56: 8.6894754 | R56: 8.6894754 | S56: 8.6894754 | T56: 8.6894754 | U56: 8.6894754 | V56: 14.308745 | W56: 14.308745 | X56: 14.308745 | Y56: 14.308745 | Z56: 14.308745 | AA56: 14.308745
D57: `26 목표 | E57: 16.412075 | F57: 16.412075 | G57: 16.412075 | H57: 16.412075 | I57: 16.412075 | J57: 16.412075 | K57: 9.653054 | L57: 9.653054 | M57: 9.653054 | N57: 9.653054 | O57: 9.653054 | P57: 20.057639 | Q57: 20.057639 | R57: 20.057639 | S57: 20.057639 | T57: 20.057639 | U57: 20.057639 | V57: 15.536044 | W57: 15.536044 | X57: 15.536044 | Y57: 15.536044 | Z57: 15.536044 | AA57: 15.536044
D58: `26 실적 | E58: 15.086824 | F58: 16.412075 | G58: 16.412075 | H58: 16.412075 | I58: 16.412075 | J58: 16.412075 | K58: 11.624915 | L58: 17.066905 | M58: 19.543132 | N58: 15.086824 | O58: 15.086824 | P58: 17.869397 | Q58: 18.36327 | R58: 18.36327 | S58: 18.36327 | T58: 18.36327 | U58: 18.36327 | V58: 13.905959 | W58: 11.640419 | X58: 11.640419 | Y58: 11.640419 | Z58: 11.640419 | AA58: 11.640419
B59: 기타 | C59: 개선금액(원) | D59: `26 목표 | E59: =E61*E$1/10^2 | F59: =F61*F$1/10^2 | G59: =G61*G$1/10^2 | H59: =H61*H$1/10^2 | I59: =I61*I$1/10^2 | J59: =J61*J$1/10^2 | K59: =K61*K$1/10^2 | L59: =L61*L$1/10^2 | ... AA59: =AA61*AA$1/10^2
D60: `26 실적 | E60: =E62*E$2/10^2 | F60: =F62*F$2/10^2 | G60: =G62*G$2/10^2 | H60: =H62*H$2/10^2 | I60: =I62*I$2/10^2 | J60: =J62*J$2/10^2 | K60: =K62*K$2/10^2 | L60: =L62*L$2/10^2 | ... AA60: =AA62*AA$2/10^2
C61: 개선금액($) | D61: `26 목표 | E61: =(E63-E64)*E7 | F61: =(F63-F64)*F7 | G61: =(G63-G64)*G7 | H61: =(H63-H64)*H7 | I61: =(I63-I64)*I7 | J61: =(J63-J64)*J7 | K61: =(K63-K64)*K7 | L61: =(L63-L64)*L7 | ... AA61: =(AA63-AA64)*AA7
D62: `26 실적 | E62: =(E63-E65)*E8 | F62: =(F63-F65)*F8 | G62: =(G63-G65)*G8 | H62: =(H63-H65)*H8 | I62: =(I63-I65)*I8 | J62: =(J63-J65)*J8 | K62: =(K63-K65)*K8 | L62: =(L63-L65)*L8 | ... AA62: =(AA63-AA65)*AA8
C63: 물류비율 | D63: `25 실적 | E63: =E66/E6 | F63: =F66/F6 | G63: =G66/G6 | H63: =H66/H6 | I63: =I66/I6 | J63: =J66/J6 | K63: =K66/K6 | L63: =L66/L6 | ... AA63: =AA66/AA6
D64: `26 목표 | E64: =E67/E7 | F64: =F67/F7 | G64: =G67/G7 | H64: =H67/H7 | I64: =I67/I7 | J64: =J67/J7 | K64: =K67/K7 | L64: =L67/L7 | ... AA64: =AA67/AA7
D65: `26 실적 | E65: =E68/E8 | F65: =F68/F8 | G65: =G68/G8 | H65: =H68/H8 | I65: =I68/I8 | J65: =J68/J8 | K65: =K68/K8 | L65: =L68/L8 | ... AA65: =AA68/AA8
C66: 물류비 | D66: `25 실적 | E66: 12.134707 | F66: 12.134707 | G66: 12.134707 | H66: 12.134707 | I66: 12.134707 | J66: 12.134707 | K66: 11.205015 | L66: 11.205015 | M66: 11.205015 | N66: 11.205015 | O66: 11.205015 | P66: 8.3850777 | Q66: 8.3850777 | R66: 8.3850777 | S66: 8.3850777 | T66: 8.3850777 | U66: 8.3850777 | V66: 5.9310513 | W66: 5.9310513 | X66: 5.9310513 | Y66: 5.9310513 | Z66: 5.9310513 | AA66: 5.9310513
D67: `26 목표 | E67: 10.267212 | F67: 10.267212 | G67: 10.267212 | H67: 10.267212 | I67: 10.267212 | J67: 10.267212 | K67: 5.3638783 | L67: 5.3638783 | M67: 5.3638783 | N67: 5.3638783 | O67: 5.3638783 | P67: 10.75243 | Q67: 10.75243 | R67: 10.75243 | S67: 10.75243 | T67: 10.75243 | U67: 10.75243 | V67: 16.708063 | W67: 16.708063 | X67: 16.708063 | Y67: 16.708063 | Z67: 16.708063 | AA67: 16.708063
D68: `26 실적 | E68: 12.942017 | F68: 11.701618 | G68: 11.701618 | H68: 11.701618 | I68: 11.701618 | J68: 11.701618 | K68: 12.235523 | L68: 8.9261086 | M68: 8.0252613 | N68: 10.622496 | O68: 11.798021 | P68: 5.3734166 | Q68: 8.91171 | R68: 8.91171 | S68: 8.91171 | T68: 13.46385 | U68: 8.91171 | V68: 13.914446 | W68: 12.07638 | X68: 12.07638 | Y68: 12.07638 | Z68: 12.07638 | AA68: 8.6718667

Sheet 투자비
F2: 1월 | L2: 2월 | Q2: 3월 | W2: 4월 | AC2: 5월 | AJ2: 6월 | AP2: 7월 | AV2: 8월 | BC2: 9월 | BI2: 10월 | BO2: 11월 | BU2: 12월
F3: 실적 | G3: W1 | H3: W2 | I3: W3 | J3: W4 | K3: W5 | L3: 실적 | M3: W6 | N3: W7 | O3: W8 | P3: W9 | Q3: 실적 | R3: W10 | S3: W11 | T3: W12 | U3: W13 | V3: W14 | W3: 실적 | X3: W14 | Y3: W15 | Z3: W16 | AA3: W17 | AB3: W18 | AC3: 실적 | AD3: W18 | AE3: W19 | AF3: W20 | AG3: W21 | AH3: W22 | AI3: W23 | AJ3: 실적 | AK3: W23 | AL3: W24 | AM3: W25 | AN3: W26 | AO3: W27 | AP3: 실적 | AQ3: W27 | AR3: W28 | AS3: W29 | AT3: W30 | AU3: W31 | AV3: 실적 | AW3: W31 | AX3: W32 | AY3: W33 | AZ3: W34 | BA3: W35 | BB3: W36 | BC3: 실적 | BD3: W36 | BE3: W37 | BF3: W38 | BG3: W39 | BH3: W40 | BI3: 실적 | BJ3: W40 | BK3: W41 | BL3: W42 | BM3: W43 | BN3: W44 | BO3: 실적 | BP3: W45 | BQ3: W46 | BR3: W47 | BS3: W48 | BT3: W49 | BU3: 실적 | BV3: W49 | BW3: W50 | BX3: W51 | BY3: W52 | BZ3: W53
B4: Total | D4: 목표 | F4: =SUM(F8,F16) | G4: =SUM(G8,G16) | H4: =SUM(H8,H16) | I4: =SUM(I8,I16) | J4: =SUM(J8,J16) | K4: =SUM(K8,K16) | L4: =SUM(L8,L16) | M4: =SUM(M8,M16) | ... AB4: =SUM(AB8,AB16)
D5: 실적 | F5: =SUM(F12,F20) | G5: =SUM(G12,G20) | H5: =SUM(H12,H20) | I5: =SUM(I12,I20) | J5: =SUM(J12,J20) | K5: =SUM(K12,K20) | L5: =SUM(L12,L20) | M5: =SUM(M12,M20) | ... AB5: =SUM(AB12,AB20)
B6: 투자비 (설비) | C6: 제품1 | D6: 목표 | E6: Base | F6: 23.09 | G6: 23.09 | H6: 23.09 | I6: 23.09 | J6: 23.09 | K6: 23.09 | L6: 23.09 | M6: 23.09 | N6: 23.09 | O6: 23.09 | P6: 23.09 | Q6: 23.09 | R6: 23.09 | S6: 23.09 | T6: 23.09 | U6: 23.09 | V6: 23.09 | W6: 23.09 | X6: 23.09 | Y6: 23.09 | Z6: 23.09 | AA6: 23.09 | AB6: 23.09
E7: 발주금액 | F7: 22.01 | G7: 22.01 | H7: 22.01 | I7: 22.01 | J7: 22.01 | K7: 22.01 | L7: 22.01 | M7: 22.01 | N7: 22.01 | O7: 22.01 | P7: 22.01 | Q7: 22.01 | R7: 22.01 | S7: 22.01 | T7: 22.01 | U7: 22.01 | V7: 22.01 | W7: 22.01 | X7: 22.01 | Y7: 22.01 | Z7: 22.01 | AA7: 22.01 | AB7: 22.01
E8: 저감금액 | F8: =F6-F7 | G8: =G6-G7 | H8: =H6-H7 | I8: =I6-I7 | J8: =J6-J7 | K8: =K6-K7 | L8: =L6-L7 | M8: =M6-M7 | ... AB8: =AB6-AB7
E9: 저감율 | F9: =IFERROR(F8/F6,"") | G9: =IFERROR(G8/G6,"") | H9: =IFERROR(H8/H6,"") | I9: =IFERROR(I8/I6,"") | J9: =IFERROR(J8/J6,"") | K9: =IFERROR(K8/K6,"") | L9: =IFERROR(L8/L6,"") | M9: =IFERROR(M8/M6,"") | ... AB9: =IFERROR(AB8/AB6,"")
D10: 실적 | E10: Base | F10: 33.650726 | G10: 14.119224 | H10: 14.119224 | I10: 14.119224 | J10: 14.119224 | K10: 14.119224 | L10: 8.952104 | M10: 14.119224 | N10: 14.119224 | O10: 14.119224 | P10: 14.119224 | Q10: 33.650726 | R10: 14.119224 | S10: 14.119224 | T10: 14.119224 | U10: 14.119224 | V10: 14.119224 | W10: 33.650726 | X10: 14.119224 | Y10: 14.119224 | Z10: 14.119224 | AA10: 14.119224 | AB10: 14.119224
E11: 발주금액 | F11: 40.806567 | G11: 13.976576 | H11: 13.976576 | I11: 13.976576 | J11: 13.976576 | K11: 13.976576 | L11: 11.675561 | M11: 13.976576 | N11: 13.976576 | O11: 13.976576 | P11: 13.976576 | Q11: 40.806567 | R11: 13.976576 | S11: 13.976576 | T11: 13.976576 | U11: 13.976576 | V11: 13.976576 | W11: 40.806567 | X11: 13.976576 | Y11: 13.976576 | Z11: 13.976576 | AA11: 13.976576 | AB11: 13.976576
E12: 저감금액 | F12: =F10-F11 | G12: =G10-G11 | H12: =H10-H11 | I12: =I10-I11 | J12: =J10-J11 | K12: =K10-K11 | L12: =L10-L11 | M12: =M10-M11 | ... AB12: =AB10-AB11
E13: 저감율 | F13: =IFERROR(F12/F10,"") | G13: =IFERROR(G12/G10,"") | H13: =IFERROR(H12/H10,"") | I13: =IFERROR(I12/I10,"") | J13: =IFERROR(J12/J10,"") | K13: =IFERROR(K12/K10,"") | L13: =IFERROR(L12/L10,"") | M13: =IFERROR(M12/M10,"") | ... AB13: =IFERROR(AB12/AB10,"")
B14: 투자비 (금형) | C14: 제품1 + 제품2 | D14: 목표 | E14: Base | F14: =SUM(F22,F30) | G14: =SUM(G22,G30) | H14: =SUM(H22,H30) | I14: =SUM(I22,I30) | J14: =SUM(J22,J30) | K14: =SUM(K22,K30) | L14: =SUM(L22,L30) | M14: =SUM(M22,M30) | ... AB14: =SUM(AB22,AB30)
E15: 발주금액 | F15: =SUM(F23,F31) | G15: =SUM(G23,G31) | H15: =SUM(H23,H31) | I15: =SUM(I23,I31) | J15: =SUM(J23,J31) | K15: =SUM(K23,K31) | L15: =SUM(L23,L31) | M15: =SUM(M23,M31) | ... AB15: =SUM(AB23,AB31)
E16: 저감금액 | F16: =F14-F15 | G16: =G14-G15 | H16: =H14-H15 | I16: =I14-I15 | J16: =J14-J15 | K16: =K14-K15 | L16: =L14-L15 | M16: =M14-M15 | ... AB16: =AB14-AB15
E17: 저감율 | F17: =F16/F14 | G17: =G16/G14 | H17: =H16/H14 | I17: =I16/I14 | J17: =J16/J14 | K17: =K16/K14 | L17: =L16/L14 | M17: =M16/M14 | ... AB17: =AB16/AB14
D18: 실적 | E18: Base | F18: =SUM(F26,F34) | G18: =SUM(G26,G34) | H18: =SUM(H26,H34) | I18: =SUM(I26,I34) | J18: =SUM(J26,J34) | K18: =SUM(K26,K34) | L18: =SUM(L26,L34) | M18: =SUM(M26,M34) | ... AB18: =SUM(AB26,AB34)
E19: 발주금액 | F19: =SUM(F27,F35) | G19: =SUM(G27,G35) | H19: =SUM(H27,H35) | I19: =SUM(I27,I35) | J19: =SUM(J27,J35) | K19: =SUM(K27,K35) | L19: =SUM(L27,L35) | M19: =SUM(M27,M35) | ... AB19: =SUM(AB27,AB35)
E20: 저감금액 | F20: =F18-F19 | G20: =G18-G19 | H20: =H18-H19 | I20: =I18-I19 | J20: =J18-J19 | K20: =K18-K19 | L20: =L18-L19 | M20: =M18-M19 | ... AB20: =AB18-AB19
E21: 저감율 | F21: =F20/F18 | G21: =G20/G18 | H21: =H20/H18 | I21: =I20/I18 | J21: =J20/J18 | K21: =K20/K18 | L21: =L20/L18 | M21: =M20/M18 | ... AB21: =AB20/AB18
C22: 제품1 | D22: 목표 | E22: Base | F22: 90.012679 | G22: 90.012679 | H22: 90.012679 | I22: 90.012679 | J22: 90.012679 | K22: 90.012679 | L22: 67.676505 | M22: 67.676505 | N22: 67.676505 | O22: 67.676505 | P22: 67.676505 | Q22: 94.374656 | R22: 94.374656 | S22: 94.374656 | T22: 94.374656 | U22: 94.374656 | V22: 94.374656 | W22: 28.888039 | X22: 28.888039 | Y22: 28.888039 | Z22: 28.888039 | AA22: 28.888039 | AB22: 28.888039
E23: 발주금액 | F23: =F22-F24 | G23: =G22-G24 | H23: =H22-H24 | I23: =I22-I24 | J23: =J22-J24 | K23: =K22-K24 | L23: =L22-L24 | M23: =M22-M24 | ... AB23: =AB22-AB24
E24: 저감금액 | F24: 21.365528 | G24: 21.365528 | H24: 21.365528 | I24: 21.365528 | J24: 21.365528 | K24: 21.365528 | L24: 12.488623 | M24: 12.488623 | N24: 12.488623 | O24: 12.488623 | P24: 12.488623 | Q24: 8.793067 | R24: 8.793067 | S24: 8.793067 | T24: 8.793067 | U24: 8.793067 | V24: 8.793067 | W24: 2.5761836 | X24: 2.5761836 | Y24: 2.5761836 | Z24: 2.5761836 | AA24: 2.5761836 | AB24: 2.5761836
E25: 저감율 | F25: =F24/F22 | G25: =G24/G22 | H25: =H24/H22 | I25: =I24/I22 | J25: =J24/J22 | K25: =K24/K22 | L25: =L24/L22 | M25: =M24/M22 | ... AB25: =AB24/AB22
D26: 실적 | E26: Base | F26: 105.25449 | G26: 39.471596 | H26: 39.471596 | I26: 103.07188 | J26: 103.07188 | K26: 39.471596 | L26: 112.84152 | M26: 12.734455 | N26: 12.734455 | O26: 112.84152 | P26: 112.84152 | Q26: =U26 | R26: 90.527968 | S26: 51.388613 | T26: 78.073142 | U26: 78.073142 | V26: 78.073142 | W26: 35.472681 | X26: 6.935 | Y26: 32.873788 | Z26: 76.217636 | AA26: 76.217636 | AB26: 35.472681
E27: 발주금액 | F27: 46.143529 | G27: 64.907316 | H27: 64.907316 | I27: 93.710091 | J27: 93.710091 | K27: 64.907316 | L27: 68.277419 | M27: 11.931998 | N27: 11.931998 | O27: 68.277419 | P27: 68.277419 | Q27: =U27 | R27: 86.41451 | S27: 27.896837 | T27: 26.304242 | U27: 26.304242 | V27: 26.304242 | W27: 27.608224 | X27: 2.9290528 | Y27: 48.459616 | Z27: 21.965945 | AA27: 21.965945 | AB27: 27.608224
E28: 저감금액 | F28: =F26-F27 | G28: =G26-G27 | H28: =H26-H27 | I28: =I26-I27 | J28: =J26-J27 | K28: =K26-K27 | L28: =L26-L27 | M28: =M26-M27 | ... AB28: =AB26-AB27
E29: 저감율 | F29: =F28/F26 | G29: =G28/G26 | H29: =H28/H26 | I29: =I28/I26 | J29: =J28/J26 | K29: =K28/K26 | L29: =L28/L26 | M29: =M28/M26 | ... AB29: =AB28/AB26
C30: 제품2 | D30: 목표 | E30: Base | F30: 2.9822557 | G30: 2.9822557 | H30: 2.9822557 | I30: 2.9822557 | J30: 2.9822557 | K30: 2.9822557 | L30: 2.4766993 | M30: 2.4766993 | N30: 2.4766993 | O30: 2.4766993 | P30: 2.4766993 | Q30: 2.4740914 | R30: 2.4740914 | S30: 2.4740914 | T30: 2.4740914 | U30: 2.4740914 | V30: 2.4740914 | W30: 5.4077801 | X30: 5.4077801 | Y30: 5.4077801 | Z30: 5.4077801 | AA30: 5.4077801 | AB30: 5.4077801
E31: 발주금액 | F31: =F30-F32 | G31: =G30-G32 | H31: =H30-H32 | I31: =I30-I32 | J31: =J30-J32 | K31: =K30-K32 | L31: =L30-L32 | M31: =M30-M32 | ... AB31: =AB30-AB32
E32: 저감금액 | F32: 0.64849564 | G32: 0.64849564 | H32: 0.64849564 | I32: 0.64849564 | J32: 0.64849564 | K32: 0.64849564 | L32: 0.98788078 | M32: 0.98788078 | N32: 0.98788078 | O32: 0.98788078 | P32: 0.98788078 | Q32: 0.95 | R32: 0.95 | S32: 0.95 | T32: 0.95 | U32: 0.95 | V32: 0.95 | W32: 1.919127 | X32: 1.919127 | Y32: 1.919127 | Z32: 1.919127 | AA32: 1.919127 | AB32: 1.919127
E33: 저감율 | F33: =F32/F30 | G33: =G32/G30 | H33: =H32/H30 | I33: =I32/I30 | J33: =J32/J30 | K33: =K32/K30 | L33: =L32/L30 | M33: =M32/M30 | ... AB33: =AB32/AB30
D34: 실적 | E34: Base | F34: 3.3106561 | G34: 1.2014985 | H34: 1.2014985 | I34: 3.3106561 | J34: 3.3106561 | K34: 1.2014985 | L34: 2.9537467 | M34: 0.68946851 | N34: 0.68946851 | O34: 0.68946851 | P34: 2.9537467 | Q34: 3.3106561 | R34: 1.2014985 | S34: 1.2014985 | T34: 3.3106561 | U34: 3.3106561 | V34: 1.2014985 | W34: 3.3106561 | X34: 1.2014985 | Y34: 1.2014985 | Z34: 3.3106561 | AA34: 3.3106561 | AB34: 1.2014985
E35: 발주금액 | F35: 1.2018005 | G35: 0.59742609 | H35: 0.59742609 | I35: 1.2018005 | J35: 1.2018005 | K35: 0.59742609 | L35: 1.836603 | M35: 0.43948521 | N35: 0.43948521 | O35: 0.43948521 | P35: 1.836603 | Q35: 1.2018005 | R35: 0.59742609 | S35: 0.59742609 | T35: 1.2018005 | U35: 1.2018005 | V35: 0.59742609 | W35: 1.2018005 | X35: 0.59742609 | Y35: 0.59742609 | Z35: 1.2018005 | AA35: 1.2018005 | AB35: 0.59742609
E36: 저감금액 | F36: =F34-F35 | G36: =G34-G35 | H36: =H34-H35 | I36: =I34-I35 | J36: =J34-J35 | K36: =K34-K35 | L36: =L34-L35 | M36: =M34-M35 | ... AB36: =AB34-AB35
E37: 저감율 | F37: =F36/F34 | G37: =G36/G34 | H37: =H36/H34 | I37: =I36/I34 | J37: =J36/J34 | K37: =K36/K34 | L37: =L36/L34 | M37: =M36/M34 | ... AB37: =AB36/AB34

Sheet 매출_지역1
E2: 1월 | K2: 2월 | P2: 3월 | V2: 4월 | AB2: 5월 | AI2: 6월 | AO2: 7월 | AU2: 8월 | BB2: 9월 | BH2: 10월 | BN2: 11월 | BT2: 12월
E3: 실적 | F3: W1 | G3: W2 | H3: W3 | I3: W4 | J3: W5 | K3: 실적 | L3: W6 | M3: W7 | N3: W8 | O3: W9 | P3: 실적 | Q3: W10 | R3: W11 | S3: W12 | T3: W13 | U3: W14 | V3: 실적 | W3: W14 | X3: W15 | Y3: W16 | Z3: W17 | AA3: W18 | AB3: 실적 | AC3: W18 | AD3: W19 | AE3: W20 | AF3: W21 | AG3: W22 | AH3: W23 | AI3: 실적 | AJ3: W23 | AK3: W24 | AL3: W25 | AM3: W26 | AN3: W27 | AO3: 실적 | AP3: W27 | AQ3: W28 | AR3: W29 | AS3: W30 | AT3: W31 | AU3: 실적 | AV3: W31 | AW3: W32 | AX3: W33 | AY3: W34 | AZ3: W35 | BA3: W36 | BB3: 실적 | BC3: W36 | BD3: W37 | BE3: W38 | BF3: W39 | BG3: W40 | BH3: 실적 | BI3: W40 | BJ3: W41 | BK3: W42 | BL3: W43 | BM3: W44 | BN3: 실적 | BO3: W45 | BP3: W46 | BQ3: W47 | BR3: W48 | BS3: W49 | BT3: 실적 | BU3: W49 | BV3: W50 | BW3: W51 | BX3: W52 | BY3: W53
B4: 매출증분 + 원가인상 + 매출차감 | D4: `25 실적 | E4: =SUM(E10,E16,E22) | F4: =SUM(F10,F16,F22) | G4: =SUM(G10,G16,G22) | H4: =SUM(H10,H16,H22) | I4: =SUM(I10,I16,I22) | J4: =SUM(J10,J16,J22) | K4: =SUM(K10,K16,K22) | L4: =SUM(L10,L16,L22) | ... AA4: =SUM(AA10,AA16,AA22)
D5: `26 목표 | E5: =SUM(E11,E17,E23) | F5: =SUM(F11,F17,F23) | G5: =SUM(G11,G17,G23) | H5: =SUM(H11,H17,H23) | I5: =SUM(I11,I17,I23) | J5: =SUM(J11,J17,J23) | K5: =SUM(K11,K17,K23) | L5: =SUM(L11,L17,L23) | ... AA5: =SUM(AA11,AA17,AA23)
D6: `26 실적 | E6: =SUM(E12,E18,E24) | F6: =SUM(F12,F18,F24) | G6: =SUM(G12,G18,G24) | H6: =SUM(H12,H18,H24) | I6: =SUM(I12,I18,I24) | J6: =SUM(J12,J18,J24) | K6: =SUM(K12,K18,K24) | L6: =SUM(L12,L18,L24) | ... AA6: =SUM(AA12,AA18,AA24)
B7: 매출증분 | C7: 총매출($) | D7: `25 실적 | E7: 577.31058 | F7: 577.31058 | G7: 577.31058 | H7: 577.31058 | I7: 577.31058 | J7: 577.31058 | K7: 1147.6148 | L7: 1147.6148 | M7: 1147.6148 | N7: 1147.6148 | O7: 1147.6148 | P7: 486.99414 | Q7: 486.99414 | R7: 486.99414 | S7: 486.99414 | T7: 486.99414 | U7: 486.99414 | V7: 569.9721 | W7: 569.9721 | X7: 569.9721 | Y7: 569.9721 | Z7: 569.9721 | AA7: 569.9721
D8: `26 목표 | E8: 848.21128 | F8: 848.21128 | G8: 848.21128 | H8: 848.21128 | I8: 848.21128 | J8: 848.21128 | K8: 1035.8496 | L8: 1035.8496 | M8: 1035.8496 | N8: 1035.8496 | O8: 1035.8496 | P8: 785.27032 | Q8: 785.27032 | R8: 785.27032 | S8: 785.27032 | T8: 785.27032 | U8: 785.27032 | V8: 1380.1952 | W8: 1380.1952 | X8: 1380.1952 | Y8: 1380.1952 | Z8: 1380.1952 | AA8: 1380.1952
D9: `26 실적 | E9: 1178.7672 | F9: 970.17939 | G9: 970.17939 | H9: 970.17939 | I9: 970.17939 | J9: 593.01757 | K9: 668.11202 | L9: 1050.514 | M9: 986.125 | N9: 1050.514 | O9: 647.26444 | P9: 778.50562 | Q9: 815.9027 | R9: 861.88753 | S9: 768.31605 | T9: 790.05383 | U9: 790.05383 | V9: 1329.1848 | W9: 1336.3175 | X9: 568.44884 | Y9: 568.44884 | Z9: 568.44884 | AA9: 568.44884
C10: 개선금액(원) | D10: `25 실적 | E10: -244.76386 | F10: -244.76386 | G10: -244.76386 | H10: -244.76386 | I10: -244.76386 | J10: -244.76386 | K10: -140.12991 | L10: -140.12991 | M10: -140.12991 | N10: -140.12991 | O10: -140.12991 | P10: -77.375468 | Q10: -77.375468 | R10: -77.375468 | S10: -77.375468 | T10: -77.375468 | U10: -77.375468 | V10: -59.140674 | W10: -59.140674 | X10: -59.140674 | Y10: -59.140674 | Z10: -59.140674 | AA10: -59.140674
D11: `26 목표 | E11: 71.277701 | F11: 71.277701 | G11: 71.277701 | H11: 71.277701 | I11: 71.277701 | J11: 71.277701 | K11: 141.07196 | L11: 141.07196 | M11: 141.07196 | N11: 141.07196 | O11: 141.07196 | P11: 83.589888 | Q11: 83.589888 | R11: 83.589888 | S11: 83.589888 | T11: 83.589888 | U11: 83.589888 | V11: 177.04134 | W11: 177.04134 | X11: 177.04134 | Y11: 177.04134 | Z11: 177.04134 | AA11: 177.04134
D12: `26 실적 | E12: 84.101626 | F12: 211.54221 | G12: 211.54221 | H12: 211.54221 | I12: 211.54221 | J12: 207.63914 | K12: -28.732097 | L12: 54.57345 | M12: 64.381326 | N12: 54.57345 | O12: -5.6100112 | P12: -190.50454 | Q12: -140.25607 | R12: -175.67616 | S12: -129.57394 | T12: -108.62572 | U12: -108.62572 | V12: -381.50158 | W12: -98.994224 | X12: -208.57199 | Y12: -208.57199 | Z12: -208.57199 | AA12: -208.57199
B13: 판가인상 | C13: 판가인상률(%) | D13: `25 실적 | E13: 0.00775992 | F13: 0.00775992 | G13: 0.00775992 | H13: 0.00775992 | I13: 0.00775992 | J13: 0.00775992 | K13: 0.00886992 | L13: 0.00886992 | M13: 0.00886992 | N13: 0.00886992 | O13: 0.00886992 | P13: 0.00682432 | Q13: 0.00682432 | R13: 0.00682432 | S13: 0.00682432 | T13: 0.00682432 | U13: 0.00682432 | V13: 0.01408987 | W13: 0.01408987 | X13: 0.01408987 | Y13: 0.01408987 | Z13: 0.01408987 | AA13: 0.01408987
D14: `26 목표 | E14: 0.01430064 | F14: 0.01430064 | G14: 0.01430064 | H14: 0.01430064 | I14: 0.01430064 | J14: 0.01430064 | K14: 0.01809574 | L14: 0.01809574 | M14: 0.01809574 | N14: 0.01809574 | O14: 0.01809574 | P14: 0.01756349 | Q14: 0.01756349 | R14: 0.01756349 | S14: 0.01756349 | T14: 0.01756349 | U14: 0.01756349 | V14: 0.01784333 | W14: 0.01784333 | X14: 0.01784333 | Y14: 0.01784333 | Z14: 0.01784333 | AA14: 0.01784333
D15: `26 실적 | E15: 0.01434856 | F15: 0.02367701 | G15: 0.02367701 | H15: 0.02367701 | I15: 0.02367701 | J15: 0.02367701 | K15: 0.00617723 | L15: 0.01268975 | M15: 0.01132708 | N15: 0.01268975 | O15: 0.01132708 | P15: 0.01534085 | Q15: 0.02385566 | R15: 0.00870647 | S15: 0.00870647 | T15: 0.00870647 | U15: 0.00870647 | V15: 0.02677562 | W15: 0.01762525 | X15: 0.02527452 | Y15: 0.02527452 | Z15: 0.02527452 | AA15: 0.02527452
C16: 개선금액(원) | D16: `25 실적 | E16: 124.21237 | F16: 124.21237 | G16: 124.21237 | H16: 124.21237 | I16: 124.21237 | J16: 124.21237 | K16: 54.057726 | L16: 54.057726 | M16: 54.057726 | N16: 54.057726 | O16: 54.057726 | P16: 54.788784 | Q16: 54.788784 | R16: 54.788784 | S16: 54.788784 | T16: 54.788784 | U16: 54.788784 | V16: 189.01024 | W16: 189.01024 | X16: 189.01024 | Y16: 189.01024 | Z16: 189.01024 | AA16: 189.01024
D17: `26 목표 | E17: 360.0573 | F17: 360.0573 | G17: 360.0573 | H17: 360.0573 | I17: 360.0573 | J17: 360.0573 | K17: 226.6459 | L17: 226.6459 | M17: 226.6459 | N17: 226.6459 | O17: 226.6459 | P17: 181.77271 | Q17: 181.77271 | R17: 181.77271 | S17: 181.77271 | T17: 181.77271 | U17: 181.77271 | V17: 478.23494 | W17: 478.23494 | X17: 478.23494 | Y17: 478.23494 | Z17: 478.23494 | AA17: 478.23494
D18: `26 실적 | E18: 233.38592 | F18: 218.34253 | G18: 218.34253 | H18: 218.34253 | I18: 218.34253 | J18: 169.30938 | K18: 36.584044 | L18: 71.269285 | M18: 124.70383 | N18: 71.269285 | O18: 141.84756 | P18: 160.08725 | Q18: 322.25191 | R18: 101.93723 | S18: 101.93723 | T18: 101.93723 | U18: 101.93723 | V18: 318.58924 | W18: 247.77903 | X18: 392.697 | Y18: 392.697 | Z18: 392.697 | AA18: 392.697
B19: 매출차감 | C19: 총매출($) | D19: `25 실적 | E19: 0.0941759 | F19: 0.0941759 | G19: 0.0941759 | H19: 0.0941759 | I19: 0.0941759 | J19: 0.0941759 | K19: 0.16518594 | L19: 0.16518594 | M19: 0.16518594 | N19: 0.16518594 | O19: 0.16518594 | P19: 0.14079385 | Q19: 0.14079385 | R19: 0.14079385 | S19: 0.14079385 | T19: 0.14079385 | U19: 0.14079385 | V19: 0.21030877 | W19: 0.21030877 | X19: 0.21030877 | Y19: 0.21030877 | Z19: 0.21030877 | AA19: 0.21030877
D20: `26 목표 | E20: 0.12642729 | F20: 0.12642729 | G20: 0.12642729 | H20: 0.12642729 | I20: 0.12642729 | J20: 0.12642729 | K20: 0.19824717 | L20: 0.19824717 | M20: 0.19824717 | N20: 0.19824717 | O20: 0.19824717 | P20: 0.1609407 | Q20: 0.1609407 | R20: 0.1609407 | S20: 0.1609407 | T20: 0.1609407 | U20: 0.1609407 | V20: 0.18833571 | W20: 0.18833571 | X20: 0.18833571 | Y20: 0.18833571 | Z20: 0.18833571 | AA20: 0.18833571
D21: `26 실적 | E21: 0.16519114 | F21: 0.20941988 | G21: 0.20941988 | H21: 0.20941988 | I21: 0.20941988 | J21: 0.14702318 | K21: 0.19007101 | L21: 0.17437869 | M21: 0.19881892 | N21: 0.17437869 | O21: 0.17557706 | P21: 0.17948961 | Q21: 0.23775695 | R21: 0.14780275 | S21: 0.22693117 | T21: 0.2267732 | U21: 0.2267732 | V21: 0.19819191 | W21: 0.22312695 | X21: 0.16722078 | Y21: 0.16722078 | Z21: 0.16722078 | AA21: 0.16722078
C22: 개선금액(원) | D22: `25 실적 | E22: 142.169 | F22: 142.169 | G22: 142.169 | H22: 142.169 | I22: 142.169 | J22: 142.169 | K22: 27.996083 | L22: 27.996083 | M22: 27.996083 | N22: 27.996083 | O22: 27.996083 | P22: -122.13686 | Q22: -122.13686 | R22: -122.13686 | S22: -122.13686 | T22: -122.13686 | U22: -122.13686 | V22: -223.63237 | W22: -223.63237 | X22: -223.63237 | Y22: -223.63237 | Z22: -223.63237 | AA22: -223.63237
D23: `26 목표 | E23: -212.61567 | F23: -212.61567 | G23: -212.61567 | H23: -212.61567 | I23: -212.61567 | J23: -212.61567 | K23: -246.41764 | L23: -246.41764 | M23: -246.41764 | N23: -246.41764 | O23: -246.41764 | P23: -252.73207 | Q23: -252.73207 | R23: -252.73207 | S23: -252.73207 | T23: -252.73207 | U23: -252.73207 | V23: -184.84807 | W23: -184.84807 | X23: -184.84807 | Y23: -184.84807 | Z23: -184.84807 | AA23: -184.84807
D24: `26 실적 | E24: -633.31332 | F24: -666.04981 | G24: -666.04981 | H24: -666.04981 | I24: -666.04981 | J24: -346.96279 | K24: -173.96743 | L24: -121.80445 | M24: -74.622304 | N24: -121.80445 | O24: -48.342526 | P24: -313.81193 | Q24: -197.33953 | R24: -122.53111 | S24: -169.02915 | T24: -167.58434 | U24: -167.58434 | V24: -200.02258 | W24: -280.1129 | X24: -190.12859 | Y24: -190.12859 | Z24: -190.12859 | AA24: -190.12859
B25: 지역별 개선금액 | C25: 지역 합계 | D25: `26 목표 | E25: =SUM(E27,E29,E31,E33,E35,E37,E39,E41) | F25: =SUM(F27,F29,F31,F33,F35,F37,F39,F41) | G25: =SUM(G27,G29,G31,G33,G35,G37,G39,G41) | H25: =SUM(H27,H29,H31,H33,H35,H37,H39,H41) | I25: =SUM(I27,I29,I31,I33,I35,I37,I39,I41) | J25: =SUM(J27,J29,J31,J33,J35,J37,J39,J41) | K25: =SUM(K27,K29,K31,K33,K35,K37,K39,K41) | L25: =SUM(L27,L29,L31,L33,L35,L37,L39,L41) | ... AA25: =SUM(AA27,AA29,AA31,AA33,AA35,AA37,AA39,AA41)
D26: `26 실적 | E26: =SUM(E28,E30,E32,E34,E36,E38,E40,E42) | F26: =SUM(F28,F30,F32,F34,F36,F38,F40,F42) | G26: =SUM(G28,G30,G32,G34,G36,G38,G40,G42) | H26: =SUM(H28,H30,H32,H34,H36,H38,H40,H42) | I26: =SUM(I28,I30,I32,I34,I36,I38,I40,I42) | J26: =SUM(J28,J30,J32,J34,J36,J38,J40,J42) | K26: =SUM(K28,K30,K32,K34,K36,K38,K40,K42) | L26: -68.794 | M26: -77.534 | N26: -68.794 | O26: =SUM(O28,O30,O32,O34,O36,O38,O40,O42) | P26: =SUM(P28,P30,P32,P34,P36,P38,P40,P42) | Q26: =SUM(Q28,Q30,Q32,Q34,Q36,Q38,Q40,Q42) | R26: =SUM(R28,R30,R32,R34,R36,R38,R40,R42) | S26: =SUM(S28,S30,S32,S34,S36,S38,S40,S42) | T26: =SUM(T28,T30,T32,T34,T36,T38,T40,T42) | U26: =SUM(U28,U30,U32,U34,U36,U38,U40,U42) | V26: =SUM(V28,V30,V32,V34,V36,V38,V40,V42) | ... AA26: =SUM(AA28,AA30,AA32,AA34,AA36,AA38,AA40,AA42)
C27: 권역1 | D27: `26 목표 | E27: 126.5649 | F27: 126.5649 | G27: 126.5649 | H27: 126.5649 | I27: 126.5649 | J27: 126.5649 | K27: 261.86307 | L27: 261.86307 | M27: 261.86307 | N27: 261.86307 | O27: 261.86307 | P27: 173.91975 | Q27: 173.91975 | R27: 173.91975 | S27: 173.91975 | T27: 173.91975 | U27: 173.91975 | V27: 122.26577 | W27: 122.26577 | X27: 122.26577 | Y27: 122.26577 | Z27: 122.26577 | AA27: 122.26577
D28: `26 실적 | E28: -71.121694 | F28: 3.7770601 | G28: 3.7770601 | H28: 3.7770601 | I28: 3.7770601 | J28: 37.363863 | K28: 31.845746 | L28: 46.02 | M28: 142.56576 | N28: 46.02 | O28: 178.82997 | P28: -7.0070447 | Q28: 32.406975 | R28: -12.995787 | S28: -12.995787 | T28: -59.601324 | U28: -59.601324 | V28: -249.60082 | W28: -62.965608 | X28: -102.49119 | Y28: -102.49119 | Z28: -102.49119 | AA28: -102.49119
C29: 권역2 | D29: `26 목표 | E29: -66.537906 | F29: -66.537906 | G29: -66.537906 | H29: -66.537906 | I29: -66.537906 | J29: -66.537906 | K29: -63.806986 | L29: -63.806986 | M29: -63.806986 | N29: -63.806986 | O29: -63.806986 | P29: -41.844188 | Q29: -41.844188 | R29: -41.844188 | S29: -41.844188 | T29: -41.844188 | U29: -41.844188 | V29: -9.1454007 | W29: -9.1454007 | X29: -9.1454007 | Y29: -9.1454007 | Z29: -9.1454007 | AA29: -9.1454007
D30: `26 실적 | E30: -38.226911 | F30: -53.754286 | G30: -53.754286 | H30: -53.754286 | I30: -53.754286 | J30: -46.653985 | K30: -43.127437 | L30: -30.255 | M30: -108.55975 | N30: -30.255 | O30: -53.453015 | P30: -38.864843 | Q30: -32.795456 | R30: -59.461277 | S30: -59.461277 | T30: -44.91246 | U30: -44.91246 | V30: -13.556187 | W30: -11.453814 | X30: -39.012523 | Y30: -39.012523 | Z30: -39.012523 | AA30: -39.012523
C31: 권역3 | D31: `26 목표 | E31: -65.153276 | F31: -65.153276 | G31: -65.153276 | H31: -65.153276 | I31: -65.153276 | J31: -65.153276 | K31: -47.812934 | L31: -47.812934 | M31: -47.812934 | N31: -47.812934 | O31: -47.812934 | P31: -0.31563708 | Q31: -0.31563708 | R31: -0.31563708 | S31: -0.31563708 | T31: -0.31563708 | U31: -0.31563708 | V31: 0.95 | W31: 0.95 | X31: 0.95 | Y31: 0.95 | Z31: 0.95 | AA31: 0.95
D32: `26 실적 | E32: -45.718362 | F32: -33.0054 | G32: -33.0054 | H32: -33.0054 | I32: -33.0054 | J32: -33.0054 | K32: -45.729957 | L32: -41.443 | M32: -49.503264 | N32: -41.443 | O32: -33.39047 | P32: -7.9548566 | Q32: 31.514774 | R32: 1.2309329 | S32: 1.0266685 | T32: 9.0358779 | U32: 9.0358779 | V32: -2.3344837 | W32: 1.5771859 | X32: -6.0489311 | Y32: -6.0489311 | Z32: -6.0489311 | AA32: -6.0489311
C33: 권역4 | D33: `26 목표 | E33: -18.66588 | F33: -18.66588 | G33: -18.66588 | H33: -18.66588 | I33: -18.66588 | J33: -18.66588 | K33: -33.321657 | L33: -33.321657 | M33: -33.321657 | N33: -33.321657 | O33: -33.321657 | P33: -13.721814 | Q33: -13.721814 | R33: -13.721814 | S33: -13.721814 | T33: -13.721814 | U33: -13.721814 | V33: -36.927435 | W33: -36.927435 | X33: -36.927435 | Y33: -36.927435 | Z33: -36.927435 | AA33: -36.927435
D34: `26 실적 | E34: 9.4802482 | F34: -11.862344 | G34: -11.862344 | H34: -11.862344 | I34: -11.862344 | J34: -11.153191 | K34: 18.263237 | L34: 11.489 | M34: -4.3917498 | N34: 11.489 | O34: -2.0842458 | P34: 13.769807 | Q34: 14.588961 | R34: 24.998957 | S34: 24.998957 | T34: 20.076373 | U34: 20.076373 | V34: 14.44286 | W34: 16.035612 | X34: 4.0983688 | Y34: 4.0983688 | Z34: 4.0983688 | AA34: 4.0983688
C35: 권역5 | D35: `26 목표 | E35: 28.095408 | F35: 28.095408 | G35: 28.095408 | H35: 28.095408 | I35: 28.095408 | J35: 28.095408 | K35: -7.9517955 | L35: -7.9517955 | M35: -7.9517955 | N35: -7.9517955 | O35: -7.9517955 | P35: -7.8458913 | Q35: -7.8458913 | R35: -7.8458913 | S35: -7.8458913 | T35: -7.8458913 | U35: -7.8458913 | V35: -0.32983928 | W35: -0.32983928 | X35: -0.32983928 | Y35: -0.32983928 | Z35: -0.32983928 | AA35: -0.32983928
D36: `26 실적 | E36: 43.996759 | F36: 49.06226 | G36: 49.06226 | H36: 49.06226 | I36: 49.06226 | J36: 39.733408 | K36: -78.520705 | L36: -49.398 | M36: 3.2763192 | N36: -49.398 | O36: -32.977995 | P36: -89.19236 | Q36: -80.055607 | R36: -150.42071 | S36: -191.57496 | T36: -144.54555 | U36: -144.54555 | V36: -60.258332 | W36: -152.77458 | X36: -152.90963 | Y36: -152.90963 | Z36: -152.90963 | AA36: -152.90963
C37: 권역6 | D37: `26 목표 | E37: 8.6469103 | F37: 8.6469103 | G37: 8.6469103 | H37: 8.6469103 | I37: 8.6469103 | J37: 8.6469103 | K37: -36.436734 | L37: -36.436734 | M37: -36.436734 | N37: -36.436734 | O37: -36.436734 | P37: -18.033913 | Q37: -18.033913 | R37: -18.033913 | S37: -18.033913 | T37: -18.033913 | U37: -18.033913 | V37: 17.886759 | W37: 17.886759 | X37: 17.886759 | Y37: 17.886759 | Z37: 17.886759 | AA37: 17.886759
D38: `26 실적 | E38: 2.7429055 | F38: -28.604876 | G38: -28.604876 | H38: -28.604876 | I38: -28.604876 | J38: -13.72076 | K38: -1.5770723 | L38: 0 | M38: -12.326431 | N38: 0 | O38: -9.6215832 | P38: 13.974524 | Q38: -7.8536948 | R38: -2.3618795 | S38: -4.4850302 | T38: -3.2294148 | U38: -3.2294148 | V38: 61.598398 | W38: 47.233341 | X38: 66.520524 | Y38: 66.520524 | Z38: 66.520524 | AA38: 66.520524
C39: 권역7 | D39: `26 목표 | E39: 10.889906 | F39: 10.889906 | G39: 10.889906 | H39: 10.889906 | I39: 10.889906 | J39: 10.889906 | K39: 15.361485 | L39: 15.361485 | M39: 15.361485 | N39: 15.361485 | O39: 15.361485 | P39: 11.547116 | Q39: 11.547116 | R39: 11.547116 | S39: 11.547116 | T39: 11.547116 | U39: 11.547116 | V39: 9.3619272 | W39: 9.3619272 | X39: 9.3619272 | Y39: 9.3619272 | Z39: 9.3619272 | AA39: 9.3619272
D40: `26 실적 | E40: 11.660089 | F40: -6.4653103 | G40: -6.4653103 | H40: -6.4653103 | I40: -6.4653103 | J40: -6.4653103 | K40: -37.988123 | L40: 6.754 | M40: 6.3009442 | N40: 6.754 | O40: 0.19244068 | P40: 14.798308 | Q40: 27.512069 | R40: 15.815535 | S40: 15.815535 | T40: 12.576051 | U40: 12.576051 | V40: 29.436854 | W40: 6.9481106 | X40: 46.036727 | Y40: 46.036727 | Z40: 46.036727 | AA40: 46.036727
C41: 권역8 | D41: `26 목표 | E41: 3.5347625 | F41: 3.5347625 | G41: 3.5347625 | H41: 3.5347625 | I41: 3.5347625 | J41: 3.5347625 | K41: 0.15551037 | L41: 0.15551037 | M41: 0.15551037 | N41: 0.15551037 | O41: 0.15551037 | P41: 0.26950268 | Q41: 0.26950268 | R41: 0.26950268 | S41: 0.26950268 | T41: 0.26950268 | U41: 0.26950268 | V41: 0.06951474 | W41: 0.06951474 | X41: 0.06951474 | Y41: 0.06951474 | Z41: 0.06951474 | AA41: 0.06951474
D42: `26 실적 | E42: -5.5677036 | F42: -0.76247049 | G42: -0.76247049 | H42: -0.76247049 | I42: -0.76247049 | J42: -8.8546464 | K42: -2.7663406 | L42: 2.761 | M42: 0.29751287 | N42: 2.761 | O42: 0.28348087 | P42: -1.7659047 | Q42: 2.4633342 | R42: 2.1740466 | S42: 2.1740466 | T42: 0.34517767 | U42: 0.34517767 | V42: -0.74974398 | W42: 0.54921322 | X42: -0.92588916 | Y42: -0.92588916 | Z42: -0.92588916 | AA42: -0.92588916

Sheet 매출_지역2
F2: 1월 | G2: 2월 | H2: 3월 | I2: 4월 | J2: 5월 | K2: 6월 | L2: 7월 | M2: 8월 | N2: 9월 | O2: 10월 | P2: 11월 | Q2: 12월
B3: 키친솔루션 | C3: 재무지표 | D3: 목표 | E3: 총매출 | F3: 6098.1037 | G3: 6013.0705 | H3: 5483.4907 | I3: 3651.6728
E4: 순매출 | F4: 5965.3767 | G4: 4504.1525 | H4: 2137.845 | I4: 3301.5215
E5: 차감 | F5: =F3-F4 | G5: =G3-G4 | H5: =H3-H4 | I5: =I3-I4
E6: 차감률% | F6: =F5/F3 | G6: =G5/G3 | H6: =H5/H3 | I6: =I5/I3
E7: 한계이익 | F7: 1671.1496 | G7: 1392.4387 | H7: 2074.2578 | I7: 1910.4781
E8: 한계이익율 | F8: =F7/F3 | G8: =G7/G3 | H8: =H7/H3 | I8: =I7/I3
D9: 실적 | E9: 총매출 | F9: 4330.2263 | G9: 4162.8346 | H9: 2207.0466 | I9: 2826.2695
E10: 순매출 | F10: 3500.5022 | G10: 1962.6331 | H10: 4267.9893 | I10: 2941.0029
E11: 차감 | F11: 311.38926 | G11: 263.65007 | H11: 192.95179 | I11: 305.0421
E12: 차감률% | F12: =F11/F9 | G12: =G11/G9 | H12: =H11/H9 | I12: =I11/I9
E13: 한계이익
E14: 한계이익율
C15: 개선금액 | D15: 목표 | E15: 계 | F15: =SUM(F16:F19) | G15: =SUM(G16:G19) | H15: =SUM(H16:H19) | I15: =SUM(I16:I19)
E16: 매출 확대 | F16: 269.21934 | G16: 101.54998 | H16: 145.09686 | I16: 268.28197
E17: Mix 개선 | F17: 12.747307 | G17: 17.931944 | H17: 26.486452 | I17: 19.514327
E18: 판가 개선 | F18: -170.39333 | G18: -133.31358 | H18: 31.507668 | I18: -92.972032
E19: 매출 차감 | F19: 8.9727365 | G19: 9.064957 | H19: 22.954904 | I19: 13.550306
D20: 실적 | E20: 계 | F20: =SUM(F21:F24) | G20: =SUM(G21:G24) | H20: =SUM(H21:H24) | I20: =SUM(I21:I24)
E21: 매출 확대 | F21: 11.14331 | G21: -99.66052 | H21: -6.8647745 | I21: 3.0473498
E22: Mix 개선 | F22: 0.59052553 | G22: 1.9366561 | H22: 54.271333 | I22: 25.956428
E23: 판가 개선 | F23: 42.430427 | G23: 7.6246351 | H23: 33.838142 | I23: 18.427794
E24: 매출 차감 | F24: 29.550913 | G24: 39.744317 | H24: 60.2626 | I24: -33.102392
B25: 제품1 | C25: 재무지표 | D25: 목표 | E25: 총매출 | F25: 2024.4898 | G25: 2371.627 | H25: 2241.7183 | I25: 3336.5467
E26: 순매출 | F26: 3520.135 | G26: 2854.713 | H26: 2786.3914 | I26: 1632.4377
E27: 차감 | F27: =F25-F26 | G27: =G25-G26 | H27: =H25-H26 | I27: =I25-I26
E28: 차감률% | F28: =F27/F25 | G28: =G27/G25 | H28: =H27/H25 | I28: =I27/I25
E29: 한계이익 | F29: 1336.6759 | G29: 635.60641 | H29: 931.83157 | I29: 976.97703
E30: 한계이익율 | F30: =F29/F25 | G30: =G29/G25 | H30: =H29/H25 | I30: =I29/I25
D31: 실적 | E31: 총매출 | F31: 2545.5917 | G31: 2184.4605 | H31: 3807.1969 | I31: 3755.4345
E32: 순매출 | F32: 2635.9966 | G32: 2041.0009 | H32: 3541.3086 | I32: 2949.5103
E33: 차감 | F33: 269.27918 | G33: 342.89727 | H33: 422.98053 | I33: 262.36643
E34: 차감률% | F34: =F33/F31 | G34: =G33/G31 | H34: =H33/H31 | I34: =I33/I31
E35: 한계이익
E36: 한계이익율
C37: 개선금액 | D37: 목표 | E37: 계 | F37: =SUM(F38:F41) | G37: =SUM(G38:G41) | H37: =SUM(H38:H41) | I37: =SUM(I38:I41)
E38: 매출 확대 | F38: 242.22073 | G38: 59.50332 | H38: 156.75633 | I38: 147.3703
E39: Mix 개선 | F39: 3.6531009 | G39: 5.5803003 | H39: 2.9512118 | I39: 7.1445159
E40: 판가 개선 | F40: -170.39333 | G40: -133.31358 | H40: 31.507668 | I40: -92.972032
E41: 매출 차감 | F41: 5.3645008 | G41: 16.163687 | H41: 13.057077 | I41: 16.823778
D42: 실적 | E42: 계 | F42: =SUM(F43:F46) | G42: =SUM(G43:G46) | H42: =SUM(H43:H46) | I42: =SUM(I43:I46)
E43: 매출 확대 | F43: 0.32382566 | G43: -65.752449 | H43: -3.0282057 | I43: 16.017479
E44: Mix 개선 | F44: 0.59198194 | G44: 0.95 | H44: 53.74097 | I44: 31.771117
E45: 판가 개선 | F45: 42.430427 | G45: 7.6246351 | H45: 33.838142 | I45: 18.427794
E46: 매출 차감 | F46: 8.5457946 | G46: 14.44405 | H46: 41.865182 | I46: -90.748139
B47: 제품2 | C47: 재무지표 | D47: 목표 | E47: 총매출 | F47: 691.60681 | G47: 954.57211 | H47: 1179.8169 | I47: 1885.5988
E48: 순매출 | F48: 868.93391 | G48: 582.1525 | H48: 1090.3161 | I48: 1506.4957
E49: 차감 | F49: =F47-F48 | G49: =G47-G48 | H49: =H47-H48 | I49: =I47-I48
E50: 차감률% | F50: =F49/F47 | G50: =G49/G47 | H50: =H49/H47 | I50: =I49/I47
E51: 한계이익 | F51: 548.77041 | G51: 550.8803 | H51: 374.86642 | I51: 269.57414
E52: 한계이익율 | F52: =F51/F47 | G52: =G51/G47 | H52: =H51/H47 | I52: =I51/I47
D53: 실적 | E53: 총매출 | F53: 1501.0854 | G53: 723.00971 | H53: 1245.2051 | I53: 801.40537
E54: 순매출 | F54: 624.6946 | G54: 844.12782 | H54: 1372.9612 | I54: 1127.5899
E55: 차감 | F55: 26.885495 | G55: 46.872906 | H55: 52.522823 | I55: 42.484518
E56: 차감률% | F56: =F55/F53 | G56: =G55/G53 | H56: =H55/H53 | I56: =I55/I53
E57: 한계이익
E58: 한계이익율
C59: 개선금액 | D59: 목표 | E59: 계 | F59: =SUM(F60:F63) | G59: =SUM(G60:G63) | H59: =SUM(H60:H63) | I59: =SUM(I60:I63)
E60: 매출 확대 | F60: 58.377056 | G60: 58.438202 | H60: 6.4025626 | I60: 85.714441
E61: Mix 개선 | F61: 7.030083 | G61: 10.935814 | H61: 12.591285 | I61: 6.5564667
E62: 판가 개선
E63: 매출 차감 | F63: 0.95 | G63: 6.0973564 | H63: 3.251 | I63: 4.5757416
D64: 실적 | E64: 계 | F64: =SUM(F65:F68) | G64: =SUM(G65:G68) | H64: =SUM(H65:H68) | I64: =SUM(I65:I68)
E65: 매출 확대 | F65: 18.902615 | G65: -20.046677 | H65: -4.273681 | I65: -3.9772448
E66: Mix 개선 | F66: 0.20604056 | G66: 0.31508611 | H66: 22.510824 | I66: 14.642526
E67: 판가 개선
E68: 매출 차감 | F68: 35.928476 | G68: 11.010261 | H68: 8.5806106 | I68: 4.2465189

Sheet 품질
E2: 1월 | K2: 2월 | P2: 3월 | V2: 4월 | AB2: 5월 | AI2: 6월 | AO2: 7월 | AU2: 8월 | BB2: 9월 | BH2: 10월 | BN2: 11월 | BT2: 12월
E3: 실적 | F3: W1 | G3: W2 | H3: W3 | I3: W4 | J3: W5 | K3: 실적 | L3: W6 | M3: W7 | N3: W8 | O3: W9 | P3: 실적 | Q3: W10 | R3: W11 | S3: W12 | T3: W13 | U3: W14 | V3: 실적 | W3: W14 | X3: W15 | Y3: W16 | Z3: W17 | AA3: W18 | AB3: 실적 | AC3: W18 | AD3: W19 | AE3: W20 | AF3: W21 | AG3: W22 | AH3: W23 | AI3: 실적 | AJ3: W23 | AK3: W24 | AL3: W25 | AM3: W26 | AN3: W27 | AO3: 실적 | AP3: W27 | AQ3: W28 | AR3: W29 | AS3: W30 | AT3: W31 | AU3: 실적 | AV3: W31 | AW3: W32 | AX3: W33 | AY3: W34 | AZ3: W35 | BA3: W36 | BB3: 실적 | BC3: W36 | BD3: W37 | BE3: W38 | BF3: W39 | BG3: W40 | BH3: 실적 | BI3: W40 | BJ3: W41 | BK3: W42 | BL3: W43 | BM3: W44 | BN3: 실적 | BO3: W45 | BP3: W46 | BQ3: W47 | BR3: W48 | BS3: W49 | BT3: 실적 | BU3: W49 | BV3: W50 | BW3: W51 | BX3: W52 | BY3: W53
B4: 키친솔루션 | C4: 개선금액 | D4: `26 목표 | E4: =E6-E7 | F4: =F6-F7 | G4: =G6-G7 | H4: =H6-H7 | I4: =I6-I7 | J4: =J6-J7 | K4: =K6-K7 | L4: =L6-L7 | ... AA4: =AA6-AA7
D5: `26 실적 | E5: =E6-E8 | F5: =F6-F8 | G5: =G6-G8 | H5: =H6-H8 | I5: =I6-I8 | J5: =J6-J8 | K5: =K6-K8 | L5: =L6-L8 | ... AA5: =AA6-AA8
C6: 품질비용 | D6: `25 실적 | E6: =SUM(E17,E28) | F6: =SUM(F17,F28) | G6: =SUM(G17,G28) | H6: =SUM(H17,H28) | I6: =SUM(I17,I28) | J6: =SUM(J17,J28) | K6: =SUM(K17,K28) | L6: =SUM(L17,L28) | ... AA6: =SUM(AA17,AA28)
D7: `26 목표 | E7: =SUM(E18,E29) | F7: =SUM(F18,F29) | G7: =SUM(G18,G29) | H7: =SUM(H18,H29) | I7: =SUM(I18,I29) | J7: =SUM(J18,J29) | K7: =SUM(K18,K29) | L7: =SUM(L18,L29) | ... AA7: =SUM(AA18,AA29)
D8: `26 실적 | E8: =SUM(E19,E30) | F8: =SUM(F19,F30) | G8: =SUM(G19,G30) | H8: =SUM(H19,H30) | I8: =SUM(I19,I30) | J8: =SUM(J19,J30) | K8: =SUM(K19,K30) | L8: =SUM(L19,L30) | ... AA8: =SUM(AA19,AA30)
C9: 실패비용 | D9: `25 실적 | E9: =SUM(E20,E31) | F9: =SUM(F20,F31) | G9: =SUM(G20,G31) | H9: =SUM(H20,H31) | I9: =SUM(I20,I31) | J9: =SUM(J20,J31) | K9: =SUM(K20,K31) | L9: =SUM(L20,L31) | ... AA9: =SUM(AA20,AA31)
D10: `26 목표 | E10: =SUM(E21,E32) | F10: =SUM(F21,F32) | G10: =SUM(G21,G32) | H10: =SUM(H21,H32) | I10: =SUM(I21,I32) | J10: =SUM(J21,J32) | K10: =SUM(K21,K32) | L10: =SUM(L21,L32) | ... AA10: =SUM(AA21,AA32)
D11: `26 실적 | E11: =SUM(E22,E33) | F11: =SUM(F22,F33) | G11: =SUM(G22,G33) | H11: =SUM(H22,H33) | I11: =SUM(I22,I33) | J11: =SUM(J22,J33) | K11: =SUM(K22,K33) | L11: =SUM(L22,L33) | ... AA11: =SUM(AA22,AA33)
C12: 유상수익 | D12: `25 실적 | E12: =SUM(E23,E34) | F12: =SUM(F23,F34) | G12: =SUM(G23,G34) | H12: =SUM(H23,H34) | I12: =SUM(I23,I34) | J12: =SUM(J23,J34) | K12: =SUM(K23,K34) | L12: =SUM(L23,L34) | ... AA12: =SUM(AA23,AA34)
D13: `26 목표 | E13: =SUM(E24,E35) | F13: =SUM(F24,F35) | G13: =SUM(G24,G35) | H13: =SUM(H24,H35) | I13: =SUM(I24,I35) | J13: =SUM(J24,J35) | K13: =SUM(K24,K35) | L13: =SUM(L24,L35) | ... AA13: =SUM(AA24,AA35)
D14: `26 실적 | E14: =SUM(E25,E36) | F14: =SUM(F25,F36) | G14: =SUM(G25,G36) | H14: =SUM(H25,H36) | I14: =SUM(I25,I36) | J14: =SUM(J25,J36) | K14: =SUM(K25,K36) | L14: =SUM(L25,L36) | ... AA14: =SUM(AA25,AA36)
B15: 제품1 | C15: 개선금액 | D15: `26 목표 | E15: =E17-E18 | F15: =F17-F18 | G15: =G17-G18 | H15: =H17-H18 | I15: =I17-I18 | J15: =J17-J18 | K15: =K17-K18 | L15: =L17-L18 | ... AA15: =AA17-AA18
D16: `26 실적 | E16: =E17-E19 | F16: =F17-F19 | G16: =G17-G19 | H16: =H17-H19 | I16: =I17-I19 | J16: =J17-J19 | K16: =K17-K19 | L16: =L17-L19 | ... AA16: =AA17-AA19
C17: 품질비용 | D17: `25 실적 | E17: =E20-E23 | F17: =F20-F23 | G17: =G20-G23 | H17: =H20-H23 | I17: =I20-I23 | J17: =J20-J23 | K17: =K20-K23 | L17: =L20-L23 | ... AA17: =AA20-AA23
D18: `26 목표 | E18: =E21-E24 | F18: =F21-F24 | G18: =G21-G24 | H18: =H21-H24 | I18: =I21-I24 | J18: =J21-J24 | K18: =K21-K24 | L18: =L21-L24 | ... AA18: =AA21-AA24
D19: `26 실적 | E19: =E22-E25 | F19: =F22-F25 | G19: =G22-G25 | H19: =H22-H25 | I19: =I22-I25 | J19: =J22-J25 | K19: =K22-K25 | L19: =L22-L25 | ... AA19: =AA22-AA25
C20: 실패비용 | D20: `25 실적 | E20: 277.34475 | F20: 277.34475 | G20: 277.34475 | H20: 277.34475 | I20: 277.34475 | J20: 277.34475 | K20: 98.494181 | L20: 98.494181 | M20: 98.494181 | N20: 98.494181 | O20: 98.494181 | P20: 105.49012 | Q20: 105.49012 | R20: 105.49012 | S20: 105.49012 | T20: 105.49012 | U20: 105.49012 | V20: 174.36715 | W20: 174.36715 | X20: 174.36715 | Y20: 174.36715 | Z20: 174.36715 | AA20: 174.36715
D21: `26 목표 | E21: 228.08806 | F21: 228.08806 | G21: 228.08806 | H21: 228.08806 | I21: 228.08806 | J21: 228.08806 | K21: 245.34533 | L21: 245.34533 | M21: 245.34533 | N21: 245.34533 | O21: 245.34533 | P21: 146.67618 | Q21: 146.67618 | R21: 146.67618 | S21: 146.67618 | T21: 146.67618 | U21: 146.67618 | V21: 249.67313 | W21: 249.67313 | X21: 249.67313 | Y21: 249.67313 | Z21: 249.67313 | AA21: 249.67313
D22: `26 실적 | E22: 159.26091 | F22: 228.08806 | G22: 228.08806 | H22: 228.08806 | I22: 228.08806 | J22: 228.08806 | K22: 220.05754 | L22: 253.31717 | M22: 90.249317 | N22: 91.802605 | O22: 90.249317 | P22: 140.34258 | Q22: 272.26299 | R22: 99.082321 | S22: 139.06323 | T22: 272.26299 | U22: 139.06323 | V22: 253.67047 | W22: 224.40266 | X22: 140.34258 | Y22: 236.85705 | Z22: 140.34258 | AA22: 236.85705
C23: 유상수익 | D23: `25 실적 | E23: 195.27912 | F23: 195.27912 | G23: 195.27912 | H23: 195.27912 | I23: 195.27912 | J23: 195.27912 | K23: 112.92796 | L23: 112.92796 | M23: 112.92796 | N23: 112.92796 | O23: 112.92796 | P23: 100.29813 | Q23: 100.29813 | R23: 100.29813 | S23: 100.29813 | T23: 100.29813 | U23: 100.29813 | V23: 234.3801 | W23: 234.3801 | X23: 234.3801 | Y23: 234.3801 | Z23: 234.3801 | AA23: 234.3801
D24: `26 목표 | E24: 166.00731 | F24: 166.00731 | G24: 166.00731 | H24: 166.00731 | I24: 166.00731 | J24: 166.00731 | K24: 93.132691 | L24: 93.132691 | M24: 93.132691 | N24: 93.132691 | O24: 93.132691 | P24: 85.795256 | Q24: 85.795256 | R24: 85.795256 | S24: 85.795256 | T24: 85.795256 | U24: 85.795256 | V24: 101.80738 | W24: 101.80738 | X24: 101.80738 | Y24: 101.80738 | Z24: 101.80738 | AA24: 101.80738
D25: `26 실적 | E25: 177.679 | F25: 166.00731 | G25: 166.00731 | H25: 166.00731 | I25: 166.00731 | J25: 166.00731 | K25: 117.68871 | L25: 65.281219 | M25: 70.189122 | N25: =M23+14 | O25: 70.189122 | P25: 187.14951 | Q25: 224.059 | R25: 215.69235 | S25: 203.171 | T25: 203.171 | U25: 203.171 | V25: 203.674 | W25: 126.60357 | X25: 251.28834 | Y25: 197.96309 | Z25: 251.28834 | AA25: 197.96309
B26: 제품2 | C26: 개선금액 | D26: `26 목표 | E26: =E28-E29 | F26: =F28-F29 | G26: =G28-G29 | H26: =H28-H29 | I26: =I28-I29 | J26: =J28-J29 | K26: =K28-K29 | L26: =L28-L29 | ... AA26: =AA28-AA29
D27: `26 실적 | E27: =E28-E30 | F27: =F28-F30 | G27: =G28-G30 | H27: =H28-H30 | I27: =I28-I30 | J27: =J28-J30 | K27: =K28-K30 | L27: =L28-L30 | ... AA27: =AA28-AA30
C28: 품질비용 | D28: `25 실적 | E28: =E31-E34 | F28: =F31-F34 | G28: =G31-G34 | H28: =H31-H34 | I28: =I31-I34 | J28: =J31-J34 | K28: =K31-K34 | L28: =L31-L34 | ... AA28: =AA31-AA34
D29: `26 목표 | E29: =E32-E35 | F29: =F32-F35 | G29: =G32-G35 | H29: =H32-H35 | I29: =I32-I35 | J29: =J32-J35 | K29: =K32-K35 | L29: =L32-L35 | ... AA29: =AA32-AA35
D30: `26 실적 | E30: =E33-E36 | F30: =F33-F36 | G30: =G33-G36 | H30: =H33-H36 | I30: =I33-I36 | J30: =J33-J36 | K30: =K33-K36 | L30: =L33-L36 | ... AA30: =AA33-AA36
C31: 실패비용 | D31: `25 실적 | E31: 8.3250508 | F31: 8.3250508 | G31: 8.3250508 | H31: 8.3250508 | I31: 8.3250508 | J31: 8.3250508 | K31: 4.6540668 | L31: 4.6540668 | M31: 4.6540668 | N31: 4.6540668 | O31: 4.6540668 | P31: 3.4529684 | Q31: 3.4529684 | R31: 3.4529684 | S31: 3.4529684 | T31: 3.4529684 | U31: 3.4529684 | V31: 9.1402119 | W31: 9.1402119 | X31: 9.1402119 | Y31: 9.1402119 | Z31: 9.1402119 | AA31: 9.1402119
D32: `26 목표 | E32: 6.1918473 | F32: 6.1918473 | G32: 6.1918473 | H32: 6.1918473 | I32: 6.1918473 | J32: 6.1918473 | K32: 6.024195 | L32: 6.024195 | M32: 6.024195 | N32: 6.024195 | O32: 6.024195 | P32: 4.1970436 | Q32: 4.1970436 | R32: 4.1970436 | S32: 4.1970436 | T32: 4.1970436 | U32: 4.1970436 | V32: 7.682222 | W32: 7.682222 | X32: 7.682222 | Y32: 7.682222 | Z32: 7.682222 | AA32: 7.682222
D33: `26 실적 | E33: 9.1466272 | F33: 6.1918473 | G33: 6.1918473 | H33: 6.1918473 | I33: 6.1918473 | J33: 6.1918473 | K33: 5.1587983 | L33: 5.1598003 | M33: 5.1598003 | N33: 6.4627302 | O33: 5.1598003 | P33: 1.0550194 | Q33: 8.2195509 | R33: 3.0906018 | S33: 6.0677565 | T33: 4.2183482 | U33: 6.0677565 | V33: 4.2183482 | W33: 5.0044929 | X33: 2.0631054 | Y33: 3.058 | Z33: 2.0631054 | AA33: 3.058
C34: 유상수익 | D34: `25 실적 | E34: 31.232932 | F34: 31.232932 | G34: 31.232932 | H34: 31.232932 | I34: 31.232932 | J34: 31.232932 | K34: 15.172243 | L34: 15.172243 | M34: 15.172243 | N34: 15.172243 | O34: 15.172243 | P34: 16.020866 | Q34: 16.020866 | R34: 16.020866 | S34: 16.020866 | T34: 16.020866 | U34: 16.020866 | V34: 14.974472 | W34: 14.974472 | X34: 14.974472 | Y34: 14.974472 | Z34: 14.974472 | AA34: 14.974472
D35: `26 목표 | E35: 30.548457 | F35: 30.548457 | G35: 30.548457 | H35: 30.548457 | I35: 30.548457 | J35: 30.548457 | K35: 26.534401 | L35: 26.534401 | M35: 26.534401 | N35: 26.534401 | O35: 26.534401 | P35: 21.952771 | Q35: 21.952771 | R35: 21.952771 | S35: 21.952771 | T35: 21.952771 | U35: 21.952771 | V35: 30.539867 | W35: 30.539867 | X35: 30.539867 | Y35: 30.539867 | Z35: 30.539867 | AA35: 30.539867
D36: `26 실적 | E36: 18.657365 | F36: 30.548457 | G36: 30.548457 | H36: 30.548457 | I36: 30.548457 | J36: 30.548457 | K36: 27.811891 | L36: 27.355967 | M36: 27.355967 | N36: =M35+1.2 | O36: 27.355967 | P36: 14.774193 | Q36: 27.841758 | R36: 14.467574 | S36: 27.953842 | T36: 27.953842 | U36: 27.953842 | V36: 33.534831 | W36: 18.657365 | X36: 26.311804 | Y36: 30.543589 | Z36: 26.311804 | AA36: 30.543589

Sheet 고정비
G2: 1월 | H2: 2월 | I2: 3월 | J2: 4월 | K2: 5월 | L2: 6월 | M2: 7월 | N2: 8월 | O2: 9월 | P2: 10월 | Q2: 11월 | R2: 12월
B3: 전체 | C3: 제품1 + 제품2 고정비 합계 | E3: 고정비 | F3: `25년 실적 | G3: =고정비_Rawdata!D5 | H3: =고정비_Rawdata!E5 | I3: =고정비_Rawdata!F5 | J3: =고정비_Rawdata!G5
F4: `26년 목표 | G4: =고정비_Rawdata!Q5 | H4: =고정비_Rawdata!R5 | I4: =고정비_Rawdata!S5 | J4: =고정비_Rawdata!T5
F5: `26년 실적/예상 | G5: =고정비_Rawdata!AD5 | H5: =고정비_Rawdata!AG5 | I5: =고정비_Rawdata!AL5 | J5: =고정비_Rawdata!AR5
E6: 개선금액 | F6: `26년 목표 | G6: =G$3-G4 | H6: =H$3-H4 | I6: =I$3-I4 | J6: =J$3-J4
F7: `26년 실적/예상 | G7: =G$3-G5 | H7: =H$3-H5 | I7: =I$3-I5 | J7: =J$3-J5
C8: Control | E8: 고정비 | F8: `25년 실적 | G8: =G28+G33+G38 | H8: =H28+H33+H38 | I8: =I28+I33+I38 | J8: =J28+J33+J38
F9: `26년 목표 | G9: =G29+G34+G39 | H9: =H29+H34+H39 | I9: =I29+I34+I39 | J9: =J29+J34+J39
F10: `26년 실적/예상 | G10: =G30+G35+G40 | H10: =H30+H35+H40 | I10: =I30+I35+I40 | J10: =J30+J35+J40
E11: 개선금액 | F11: `26년 목표 | G11: =G$8-G9 | H11: =H$8-H9 | I11: =I$8-I9 | J11: =J$8-J9
F12: `26년 실적/예상 | G12: =G$8-G10 | H12: =H$8-H10 | I12: =I$8-I10 | J12: =J$8-J10
C13: Uncontrol | E13: 고정비 | F13: `25년 실적 | G13: =G43 | H13: =H43 | I13: =I43 | J13: =J43
F14: `26년 목표 | G14: =G44 | H14: =H44 | I14: =I44 | J14: =J44
F15: `26년 실적/예상 | G15: =G45 | H15: =H45 | I15: =I45 | J15: =J45
E16: 개선금액 | F16: `26년 목표 | G16: =G46 | H16: =H46 | I16: =I46 | J16: =J46
F17: `26년 실적/예상 | G17: =G47 | H17: =H47 | I17: =I47 | J17: =J47
E18: 고정비 | F18: `25년 실적 | G18: =G48+G53+G58+G63+G68+G73+G78 | H18: =H48+H53+H58+H63+H68+H73+H78 | I18: =I48+I53+I58+I63+I68+I73+I78 | J18: =J48+J53+J58+J63+J68+J73+J78
F19: `26년 목표 | G19: =G49+G54+G59+G64+G69+G74+G79 | H19: =H49+H54+H59+H64+H69+H74+H79 | I19: =I49+I54+I59+I64+I69+I74+I79 | J19: =J49+J54+J59+J64+J69+J74+J79
F20: `26년 실적/예상 | G20: =G50+G55+G60+G65+G70+G75+G80 | H20: =H50+H55+H60+H65+H70+H75+H80 | I20: =I50+I55+I60+I65+I70+I75+I80 | J20: =J50+J55+J60+J65+J70+J75+J80
E21: 개선금액 | F21: `26년 목표 | G21: =G$18-G19 | H21: =H$18-H19 | I21: =I$18-I19 | J21: =J$18-J19
F22: `26년 실적/예상 | G22: =G$18-G20 | H22: =H$18-H20 | I22: =I$18-I20 | J22: =J$18-J20
B23: 사업부 내 | C23: Uncontrol | E23: 고정비 | F23: `25년 실적 | G23: =고정비_UnControl!G13 | H23: =고정비_UnControl!H13 | I23: =고정비_UnControl!I13 | J23: =고정비_UnControl!J13
F24: `26년 목표 | G24: =고정비_UnControl!G14 | H24: =고정비_UnControl!H14 | I24: =고정비_UnControl!I14 | J24: =고정비_UnControl!J14
F25: `26년 실적/예상 | G25: =고정비_UnControl!G15 | H25: =고정비_UnControl!H15 | I25: =고정비_UnControl!I15 | J25: =고정비_UnControl!J15
E26: 개선금액 | F26: `26년 목표 | G26: =G$23-G24 | H26: =H$23-H24 | I26: =I$23-I24 | J26: =J$23-J24
F27: `26년 실적/예상 | G27: =G$23-G25 | H27: =H$23-H25 | I27: =I$23-I25 | J27: =J$23-J25
C28: Control | E28: 고정비 | F28: `25년 실적 | G28: =고정비_사업부Control!E3 | H28: =고정비_사업부Control!F3 | I28: =고정비_사업부Control!G3 | J28: =고정비_사업부Control!H3
F29: `26년 목표 | G29: =고정비_사업부Control!E4 | H29: =고정비_사업부Control!F4 | I29: =고정비_사업부Control!G4 | J29: =고정비_사업부Control!H4
F30: `26년 실적/예상 | G30: =고정비_사업부Control!E5 | H30: =고정비_사업부Control!F5 | I30: =고정비_사업부Control!G5 | J30: =고정비_사업부Control!H5
E31: 개선금액 | F31: `26년 목표 | G31: =G$28-G29 | H31: =H$28-H29 | I31: =I$28-I29 | J31: =J$28-J29
F32: `26년 실적/예상 | G32: =G$28-G30 | H32: =H$28-H30 | I32: =I$28-I30 | J32: =J$28-J30
C33: Control | E33: 고정비 | F33: `25년 실적 | G33: ='고정비_생산,제판법인Control'!F3 | H33: ='고정비_생산,제판법인Control'!G3 | I33: ='고정비_생산,제판법인Control'!H3 | J33: ='고정비_생산,제판법인Control'!I3
F34: `26년 목표 | G34: ='고정비_생산,제판법인Control'!F4 | H34: ='고정비_생산,제판법인Control'!G4 | I34: ='고정비_생산,제판법인Control'!H4 | J34: ='고정비_생산,제판법인Control'!I4
F35: `26년 실적/예상 | G35: ='고정비_생산,제판법인Control'!F5 | H35: ='고정비_생산,제판법인Control'!G5 | I35: ='고정비_생산,제판법인Control'!H5 | J35: ='고정비_생산,제판법인Control'!I5
E36: 개선금액 | F36: `26년 목표 | G36: =G$33-G34 | H36: =H$33-H34 | I36: =I$33-I34 | J36: =J$33-J34
F37: `26년 실적/예상 | G37: =G$33-G35 | H37: =H$33-H35 | I37: =I$33-I35 | J37: =J$33-J35
C38: Control | E38: 고정비 | F38: `25년 실적 | G38: ='고정비_생산,제판법인Control'!F38 | H38: ='고정비_생산,제판법인Control'!G38 | I38: ='고정비_생산,제판법인Control'!H38 | J38: ='고정비_생산,제판법인Control'!I38
F39: `26년 목표 | G39: ='고정비_생산,제판법인Control'!F39 | H39: ='고정비_생산,제판법인Control'!G39 | I39: ='고정비_생산,제판법인Control'!H39 | J39: ='고정비_생산,제판법인Control'!I39
F40: `26년 실적/예상 | G40: ='고정비_생산,제판법인Control'!F40 | H40: ='고정비_생산,제판법인Control'!G40 | I40: ='고정비_생산,제판법인Control'!H40 | J40: ='고정비_생산,제판법인Control'!I40
E41: 개선금액 | F41: `26년 목표 | G41: =G$38-G39 | H41: =H$38-H39 | I41: =I$38-I39 | J41: =J$38-J39
F42: `26년 실적/예상 | G42: =G$38-G40 | H42: =H$38-H40 | I42: =I$38-I40 | J42: =J$38-J40
C43: Uncontrol | E43: 고정비 | F43: `25년 실적 | G43: =G23-G28 | H43: =H23-H28 | I43: =I23-I28 | J43: =J23-J28
F44: `26년 목표 | G44: =G24-G29 | H44: =H24-H29 | I44: =I24-I29 | J44: =J24-J29
F45: `26년 실적/예상 | G45: =G25-G30 | H45: =H25-H30 | I45: =I25-I30 | J45: =J25-J30
E46: 개선금액 | F46: `26년 목표 | G46: =G$43-G44 | H46: =H$43-H44 | I46: =I$43-I44 | J46: =J$43-J44
F47: `26년 실적/예상 | G47: =G$43-G45 | H47: =H$43-H45 | I47: =I$43-I45 | J47: =J$43-J45
B48: 사업부 외 | C48: Uncontrol | D48: 부문1 | E48: 고정비 | F48: `25년 실적 | G48: =고정비_UnControl!G18 | H48: =고정비_UnControl!H18 | I48: =고정비_UnControl!I18 | J48: =고정비_UnControl!J18
F49: `26년 목표 | G49: =고정비_UnControl!G19 | H49: =고정비_UnControl!H19 | I49: =고정비_UnControl!I19 | J49: =고정비_UnControl!J19
F50: `26년 실적/예상 | G50: =고정비_UnControl!G20 | H50: =고정비_UnControl!H20 | I50: =고정비_UnControl!I20 | J50: =고정비_UnControl!J20
E51: 개선금액 | F51: `26년 목표 | G51: =G$48-G49 | H51: =H$48-H49 | I51: =I$48-I49 | J51: =J$48-J49
F52: `26년 실적/예상 | G52: =G$48-G50 | H52: =H$48-H50 | I52: =I$48-I50 | J52: =J$48-J50
C53: Uncontrol | D53: 부문2 | E53: 고정비 | F53: `25년 실적 | G53: =고정비_UnControl!G23 | H53: =고정비_UnControl!H23 | I53: =고정비_UnControl!I23 | J53: =고정비_UnControl!J23
F54: `26년 목표 | G54: =고정비_UnControl!G24 | H54: =고정비_UnControl!H24 | I54: =고정비_UnControl!I24 | J54: =고정비_UnControl!J24
F55: `26년 실적/예상 | G55: =고정비_UnControl!G25 | H55: =고정비_UnControl!H25 | I55: =고정비_UnControl!I25 | J55: =고정비_UnControl!J25
E56: 개선금액 | F56: `26년 목표 | G56: =G$53-G54 | H56: =H$53-H54 | I56: =I$53-I54 | J56: =J$53-J54
F57: `26년 실적/예상 | G57: =G$53-G55 | H57: =H$53-H55 | I57: =I$53-I55 | J57: =J$53-J55
C58: Uncontrol | D58: 부문3 | E58: 고정비 | F58: `25년 실적 | G58: =고정비_UnControl!G28 | H58: =고정비_UnControl!H28 | I58: =고정비_UnControl!I28 | J58: =고정비_UnControl!J28
F59: `26년 목표 | G59: =고정비_UnControl!G29 | H59: =고정비_UnControl!H29 | I59: =고정비_UnControl!I29 | J59: =고정비_UnControl!J29
F60: `26년 실적/예상 | G60: =고정비_UnControl!G30 | H60: =고정비_UnControl!H30 | I60: =고정비_UnControl!I30 | J60: =고정비_UnControl!J30
E61: 개선금액 | F61: `26년 목표 | G61: =G$58-G59 | H61: =H$58-H59 | I61: =I$58-I59 | J61: =J$58-J59
F62: `26년 실적/예상 | G62: =G$58-G60 | H62: =H$58-H60 | I62: =I$58-I60 | J62: =J$58-J60
C63: Uncontrol | D63: 부문4 | E63: 고정비 | F63: `25년 실적 | G63: =고정비_UnControl!G33 | H63: =고정비_UnControl!H33 | I63: =고정비_UnControl!I33 | J63: =고정비_UnControl!J33
F64: `26년 목표 | G64: =고정비_UnControl!G34 | H64: =고정비_UnControl!H34 | I64: =고정비_UnControl!I34 | J64: =고정비_UnControl!J34
F65: `26년 실적/예상 | G65: =고정비_UnControl!G35 | H65: =고정비_UnControl!H35 | I65: =고정비_UnControl!I35 | J65: =고정비_UnControl!J35
E66: 개선금액 | F66: `26년 목표 | G66: =G$63-G64 | H66: =H$63-H64 | I66: =I$63-I64 | J66: =J$63-J64
F67: `26년 실적/예상 | G67: =G$63-G65 | H67: =H$63-H65 | I67: =I$63-I65 | J67: =J$63-J65
C68: Uncontrol | D68: 부문7 | E68: 고정비 | F68: `25년 실적 | G68: =고정비_UnControl!G53 | H68: =고정비_UnControl!H53 | I68: =고정비_UnControl!I53 | J68: =고정비_UnControl!J53
F69: `26년 목표 | G69: =고정비_UnControl!G54 | H69: =고정비_UnControl!H54 | I69: =고정비_UnControl!I54 | J69: =고정비_UnControl!J54
F70: `26년 실적/예상 | G70: =고정비_UnControl!G55 | H70: =고정비_UnControl!H55 | I70: =고정비_UnControl!I55 | J70: =고정비_UnControl!J55
E71: 개선금액 | F71: `26년 목표 | G71: =G$68-G69 | H71: =H$68-H69 | I71: =I$68-I69 | J71: =J$68-J69
F72: `26년 실적/예상 | G72: =G$68-G70 | H72: =H$68-H70 | I72: =I$68-I70 | J72: =J$68-J70
C73: Uncontrol | D73: 부문8 | E73: 고정비 | F73: `25년 실적 | G73: =고정비_UnControl!G58 | H73: =고정비_UnControl!H58 | I73: =고정비_UnControl!I58 | J73: =고정비_UnControl!J58
F74: `26년 목표 | G74: =고정비_UnControl!G59 | H74: =고정비_UnControl!H59 | I74: =고정비_UnControl!I59 | J74: =고정비_UnControl!J59
F75: `26년 실적/예상 | G75: =고정비_UnControl!G60 | H75: =고정비_UnControl!H60 | I75: =고정비_UnControl!I60 | J75: =고정비_UnControl!J60
E76: 개선금액 | F76: `26년 목표 | G76: =G$73-G74 | H76: =H$73-H74 | I76: =I$73-I74 | J76: =J$73-J74
F77: `26년 실적/예상 | G77: =G$73-G75 | H77: =H$73-H75 | I77: =I$73-I75 | J77: =J$73-J75
C78: Uncontrol | D78: 부문9 | E78: 고정비 | F78: `25년 실적 | G78: =고정비_UnControl!G63 | H78: =고정비_UnControl!H63 | I78: =고정비_UnControl!I63 | J78: =고정비_UnControl!J63
F79: `26년 목표 | G79: =고정비_UnControl!G64 | H79: =고정비_UnControl!H64 | I79: =고정비_UnControl!I64 | J79: =고정비_UnControl!J64
F80: `26년 실적/예상 | G80: =고정비_UnControl!G65 | H80: =고정비_UnControl!H65 | I80: =고정비_UnControl!I65 | J80: =고정비_UnControl!J65
E81: 개선금액 | F81: `26년 목표 | G81: =G$78-G79 | H81: =H$78-H79 | I81: =I$78-I79 | J81: =J$78-J79
F82: `26년 실적/예상 | G82: =G$78-G80 | H82: =H$78-H80 | I82: =I$78-I80 | J82: =J$78-J80

Sheet 고정비_사업부Control
E2: 1월 | F2: 2월 | G2: 3월 | H2: 4월 | I2: 5월 | J2: 6월 | K2: 7월 | L2: 8월 | M2: 9월 | N2: 10월 | O2: 11월 | P2: 12월
B3: 합계 | C3: 고정비 | D3: `25년 실적 | E3: =SUM(E8,E13,E18,E23,E28,E33,E38,E43,E48,E53,E58,E63,E68) | F3: =SUM(F8,F13,F18,F23,F28,F33,F38,F43,F48,F53,F58,F63,F68) | G3: =SUM(G8,G13,G18,G23,G28,G33,G38,G43,G48,G53,G58,G63,G68) | H3: =SUM(H8,H13,H18,H23,H28,H33,H38,H43,H48,H53,H58,H63,H68)
D4: `26년 목표 | E4: =SUM(E9,E14,E19,E24,E29,E34,E39,E44,E49,E54,E59,E64,E69) | F4: =SUM(F9,F14,F19,F24,F29,F34,F39,F44,F49,F54,F59,F64,F69) | G4: =SUM(G9,G14,G19,G24,G29,G34,G39,G44,G49,G54,G59,G64,G69) | H4: =SUM(H9,H14,H19,H24,H29,H34,H39,H44,H49,H54,H59,H64,H69)
D5: `26년 실적 | E5: =SUM(E10,E15,E20,E25,E30,E35,E40,E45,E50,E55,E60,E65,E70) | F5: =SUM(F10,F15,F20,F25,F30,F35,F40,F45,F50,F55,F60,F65,F70) | G5: =SUM(G10,G15,G20,G25,G30,G35,G40,G45,G50,G55,G60,G65,G70) | H5: =SUM(H10,H15,H20,H25,H30,H35,H40,H45,H50,H55,H60,H65,H70)
C6: 개선금액 | D6: `26년 목표 | E6: =SUM(E11,E16,E21,E26,E31,E36,E41,E46,E51,E56,E61,E66,E71) | F6: =SUM(F11,F16,F21,F26,F31,F36,F41,F46,F51,F56,F61,F66,F71) | G6: =SUM(G11,G16,G21,G26,G31,G36,G41,G46,G51,G56,G61,G66,G71) | H6: =SUM(H11,H16,H21,H26,H31,H36,H41,H46,H51,H56,H61,H66,H71)
D7: `26년 실적 | E7: =SUM(E12,E17,E22,E27,E32,E37,E42,E47,E52,E57,E62,E67,E72) | F7: =SUM(F12,F17,F22,F27,F32,F37,F42,F47,F52,F57,F62,F67,F72) | G7: =SUM(G12,G17,G22,G27,G32,G37,G42,G47,G52,G57,G62,G67,G72) | H7: =SUM(H12,H17,H22,H27,H32,H37,H42,H47,H52,H57,H62,H67,H72)
B8: 부서1 | C8: 고정비 | D8: `25년 실적 | E8: 39.135952 | F8: 47.162135 | G8: 23.142359 | H8: 28.496346
D9: `26년 목표 | E9: 36.082687 | F9: 17.116471 | G9: 19.759987 | H9: 29.525511
D10: `26년 실적 | E10: -7.293723 | F10: 35.865039 | G10: 5.839959 | H10: 17.397872
C11: 개선금액 | D11: `26년 목표 | E11: =E8-E9 | F11: =F8-F9 | G11: =G8-G9 | H11: =H8-H9
D12: `26년 실적 | E12: =E8-E10 | F12: =F8-F10 | G12: =G8-G10 | H12: =H8-H10
B13: 부서2 | C13: 고정비 | D13: `25년 실적 | E13: 10.793869 | F13: 16.566803 | G13: 48.93635 | H13: 8.11308
D14: `26년 목표 | E14: 20.968141 | F14: 22.449097 | G14: 22.676552 | H14: 7.143016
D15: `26년 실적 | E15: 8.715797 | F15: 13.658353 | G15: 32.368888 | H15: 12.164783
C16: 개선금액 | D16: `26년 목표 | E16: =E13-E14 | F16: =F13-F14 | G16: =G13-G14 | H16: =H13-H14
D17: `26년 실적 | E17: =E13-E15 | F17: =F13-F15 | G17: =G13-G15 | H17: =H13-H15
B18: 부서3 | C18: 고정비 | D18: `25년 실적 | E18: 1.06056 | F18: 4.795755 | G18: 6.459812 | H18: 10.277891
D19: `26년 목표 | E19: 2.004565 | F19: 11.445495 | G19: 6.020495 | H19: 2.94748
D20: `26년 실적 | E20: 2.821561 | F20: 3.91231 | G20: 6.295586 | H20: 6.558071
C21: 개선금액 | D21: `26년 목표 | E21: =E18-E19 | F21: =F18-F19 | G21: =G18-G19 | H21: =H18-H19
D22: `26년 실적 | E22: =E18-E20 | F22: =F18-F20 | G22: =G18-G20 | H22: =H18-H20
B23: 부서4 | C23: 고정비 | D23: `25년 실적 | E23: 20.739603 | F23: 16.334391 | G23: 11.160691 | H23: 20.320829
D24: `26년 목표 | E24: 14.430837 | F24: 10.102131 | G24: 27.661651 | H24: 8.073843
D25: `26년 실적 | E25: 31.350735 | F25: 16.181355 | G25: 52.568441 | H25: -11.721306
C26: 개선금액 | D26: `26년 목표 | E26: =E23-E24 | F26: =F23-F24 | G26: =G23-G24 | H26: =H23-H24
D27: `26년 실적 | E27: =E23-E25 | F27: =F23-F25 | G27: =G23-G25 | H27: =H23-H25
B28: 부서5 | C28: 고정비 | D28: `25년 실적 | E28: 10.467094 | F28: 7.506313 | G28: 20.941523 | H28: 19.998547
D29: `26년 목표 | E29: 10.021155 | F29: 13.354795 | G29: 23.324749 | H29: 9.845951
D30: `26년 실적 | E30: 3.905751 | F30: 15.870258 | G30: 10.912232 | H30: 13.186897
C31: 개선금액 | D31: `26년 목표 | E31: =E28-E29 | F31: =F28-F29 | G31: =G28-G29 | H31: =H28-H29
D32: `26년 실적 | E32: =E28-E30 | F32: =F28-F30 | G32: =G28-G30 | H32: =H28-H30
B33: 부서6 | C33: 고정비 | D33: `25년 실적 | E33: -0.156725 | F33: 0.788672 | G33: 5.60686 | H33: 1.802018
D34: `26년 목표 | E34: -0.089159 | F34: 0.447041 | G34: 2.531207 | H34: 1.756155
D35: `26년 실적 | E35: -1.796564 | F35: 5.346057 | G35: -2.699547 | H35: 2.729985
C36: 개선금액 | D36: `26년 목표 | E36: =E33-E34 | F36: =F33-F34 | G36: =G33-G34 | H36: =H33-H34
D37: `26년 실적 | E37: =E33-E35 | F37: =F33-F35 | G37: =G33-G35 | H37: =H33-H35
B38: 부서7 | C38: 고정비 | D38: `25년 실적 | E38: 5.988459 | F38: 10.353076 | G38: 12.409936 | H38: 14.114495
D39: `26년 목표 | E39: 4.526948 | F39: 9.87191 | G39: 11.090263 | H39: 6.573494
D40: `26년 실적 | E40: 9.797008 | F40: 9.94294 | G40: 7.676249 | H40: 10.179191
C41: 개선금액 | D41: `26년 목표 | E41: =E38-E39 | F41: =F38-F39 | G41: =G38-G39 | H41: =H38-H39
D42: `26년 실적 | E42: =E38-E40 | F42: =F38-F40 | G42: =G38-G40 | H42: =H38-H40
B43: 부서8 | C43: 고정비 | D43: `25년 실적 | E43: 1.890063 | F43: 6.271956 | G43: 9.9988 | H43: 2.567782
D44: `26년 목표 | E44: 2.51562 | F44: 7.17623 | G44: 4.51033 | H44: 10.662951
D45: `26년 실적 | E45: 6.610257 | F45: -1.096807 | G45: 6.414074 | H45: 4.553195
C46: 개선금액 | D46: `26년 목표 | E46: =E43-E44 | F46: =F43-F44 | G46: =G43-G44 | H46: =H43-H44
D47: `26년 실적 | E47: =E43-E45 | F47: =F43-F45 | G47: =G43-G45 | H47: =H43-H45
B48: 부서9 | C48: 고정비 | D48: `25년 실적 | E48: 3.944499 | F48: 3.913329 | G48: 6.931614 | H48: 6.035661
D49: `26년 목표 | E49: 8.379824 | F49: 2.325199 | G49: 5.03082 | H49: 4.484376
D50: `26년 실적 | E50: -0.688939 | F50: 9.053334 | G50: 0.534677 | H50: 4.504249
C51: 개선금액 | D51: `26년 목표 | E51: =E48-E49 | F51: =F48-F49 | G51: =G48-G49 | H51: =H48-H49
D52: `26년 실적 | E52: =E48-E50 | F52: =F48-F50 | G52: =G48-G50 | H52: =H48-H50
B53: 부서10 | C53: 고정비 | D53: `25년 실적 | E53: 5.575963 | F53: 5.239296 | G53: 1.10552 | H53: 3.214523
D54: `26년 목표 | E54: 1.565691 | F54: 0.77107 | G54: 2.598008 | H54: 1.732318
D55: `26년 실적 | E55: 0.562222 | F55: 3.850054 | G55: 4.246228 | H55: 36.457705
C56: 개선금액 | D56: `26년 목표 | E56: =E53-E54 | F56: =F53-F54 | G56: =G53-G54 | H56: =H53-H54
D57: `26년 실적 | E57: =E53-E55 | F57: =F53-F55 | G57: =G53-G55 | H57: =H53-H55
B58: 부서11 | C58: 고정비 | D58: `25년 실적 | E58: 9.367625 | F58: 7.051977 | G58: 6.178424 | H58: 5.665415
D59: `26년 목표 | E59: 6.007816 | F59: 3.298717 | G59: 12.528319 | H59: 3.880736
D60: `26년 실적 | E60: 9.513855 | F60: 4.03095 | G60: 3.972933 | H60: 6.300124
C61: 개선금액 | D61: `26년 목표 | E61: =E58-E59 | F61: =F58-F59 | G61: =G58-G59 | H61: =H58-H59
D62: `26년 실적 | E62: =E58-E60 | F62: =F58-F60 | G62: =G58-G60 | H62: =H58-H60
B63: 부서12 | C63: 고정비 | D63: `25년 실적 | E63: 4.723662 | F63: 8.70344 | G63: 13.284283 | H63: 9.327396
D64: `26년 목표 | E64: 7.39029 | F64: 4.14064 | G64: 13.344566 | H64: 17.819879
D65: `26년 실적 | E65: 2.67605 | F65: 5.314158 | G65: 0.421817 | H65: 0.865478
C66: 개선금액 | D66: `26년 목표 | E66: =E63-E64 | F66: =F63-F64 | G66: =G63-G64 | H66: =H63-H64
D67: `26년 실적 | E67: =E63-E65 | F67: =F63-F65 | G67: =G63-G65 | H67: =H63-H65
B68: 기타 | C68: 고정비 | D68: `25년 실적 | E68: 17.175384 | F68: 40.29094 | G68: 16.426224 | H68: 21.282647
D69: `26년 목표 | E69: 54.613575 | F69: 43.317894 | G69: 14.297407 | H69: 20.344867
D70: `26년 실적 | E70: 14.395792 | F70: 93.604849 | G70: 30.708413 | H70: 20.349309
C71: 개선금액 | D71: `26년 목표 | E71: =E68-E69 | F71: =F68-F69 | G71: =G68-G69 | H71: =H68-H69
D72: `26년 실적 | E72: =E68-E70 | F72: =F68-F70 | G72: =G68-G70 | H72: =H68-H70

Sheet 고정비_생산,제판법인Control
F2: 1월 | G2: 2월 | H2: 3월 | I2: 4월 | J2: 5월 | K2: 6월 | L2: 7월 | M2: 8월 | N2: 9월 | O2: 10월 | P2: 11월 | Q2: 12월
B3: 부문5_키친솔루션 | C3: 제품1 + 제품2 | D3: 고정비 | E3: `25년 실적 | F3: =F8+F33 | G3: =G8+G33 | H3: =H8+H33 | I3: =I8+I33
E4: `26년 목표 | F4: =F9+F34 | G4: =G9+G34 | H4: =H9+H34 | I4: =I9+I34
E5: `26년 실적 | F5: =F10+F35 | G5: =G10+G35 | H5: =H10+H35 | I5: =I10+I35
D6: 개선금액 | E6: `26년 목표 | F6: =F3-F4 | G6: =G3-G4 | H6: =H3-H4 | I6: =I3-I4
E7: `26년 실적 | F7: =F3-F5 | G7: =G3-G5 | H7: =H3-H5 | I7: =I3-I5
B8: 부문5_제품1 | C8: 제품1 | D8: 고정비 | E8: `25년 실적 | F8: 191.9077 | G8: 364.49068 | H8: 137.02776 | I8: 66.295839
E9: `26년 목표 | F9: 224.48086 | G9: 379.11222 | H9: 184.50828 | I9: 396.94421
E10: `26년 실적 | F10: 239.38902 | G10: 114.02509 | H10: 396.15393 | I10: 182.66742
D11: 개선금액 | E11: `26년 목표 | F11: =F8-F9 | G11: =G8-G9 | H11: =H8-H9 | I11: =I8-I9
E12: `26년 실적 | F12: =F8-F10 | G12: =G8-G10 | H12: =H8-H10 | I12: =I8-I10
C13: 법인1 | D13: 고정비 | E13: `25년 실적 | F13: 116.14041 | G13: 60.047023 | H13: 132.32806 | I13: 165.9975
E14: `26년 목표 | F14: 186.17855 | G14: 140.56189 | H14: 190.38987 | I14: 91.440785
E15: `26년 실적 | F15: 81.942612 | G15: 210.77106 | H15: 268.04375 | I15: 101.04621
D16: 개선금액 | E16: `26년 목표 | F16: =F13-F14 | G16: =G13-G14 | H16: =H13-H14 | I16: =I13-I14
E17: `26년 실적 | F17: =F13-F15 | G17: =G13-G15 | H17: =H13-H15 | I17: =I13-I15
C18: 법인2 | D18: 고정비 | E18: `25년 실적 | F18: 83.17501 | G18: 89.605726 | H18: 128.21257 | I18: 85.042085
E19: `26년 목표 | F19: 157.77243 | G19: 167.44668 | H19: 119.64171 | I19: 290.0048
E20: `26년 실적 | F20: 174.76886 | G20: 223.83596 | H20: 137.67992 | I20: 244.03718
D21: 개선금액 | E21: `26년 목표 | F21: =F18-F19 | G21: =G18-G19 | H21: =H18-H19 | I21: =I18-I19
E22: `26년 실적 | F22: =F18-F20 | G22: =G18-G20 | H22: =H18-H20 | I22: =I18-I20
C23: 법인3 | D23: 고정비 | E23: `25년 실적 | F23: 80.778579 | G23: 57.831195 | H23: 156.8562 | I23: 94.03185
E24: `26년 목표 | F24: 25.704168 | G24: 79.622958 | H24: 80.549547 | I24: 131.75972
E25: `26년 실적 | F25: 141.19326 | G25: 28.048273 | H25: 32.900171 | I25: 28.693908
D26: 개선금액 | E26: `26년 목표 | F26: =F23-F24 | G26: =G23-G24 | H26: =H23-H24 | I26: =I23-I24
E27: `26년 실적 | F27: =F23-F25 | G27: =G23-G25 | H27: =H23-H25 | I27: =I23-I25
C28: 기타 | D28: 고정비 | E28: `25년 실적 | F28: 8.651849 | G28: 18.165459 | H28: 17.417737 | I28: 29.610903
E29: `26년 목표 | F29: 19.846849 | G29: 30.027104 | H29: 8.163617 | I29: 14.247011
E30: `26년 실적 | F30: 24.212003 | G30: 19.914713
D31: 개선금액 | E31: `26년 목표 | F31: =F28-F29 | G31: =G28-G29 | H31: =H28-H29 | I31: =I28-I29
E32: `26년 실적 | F32: =F28-F30 | G32: =G28-G30
B33: 부문5_제품2 | C33: 기타 | D33: 고정비 | E33: `25년 실적 | F33: 2.163139 | G33: 1.958363 | H33: 3.715401 | I33: 2.151689
E34: `26년 목표 | F34: 5.848632 | G34: 2.117011 | H34: 2.474853 | I34: 2.082633
E35: `26년 실적 | F35: 0.627962 | G35: 2.306981 | H35: 3.43901 | I35: 4.548512
D36: 개선금액 | E36: `26년 목표 | F36: =F33-F34 | G36: =G33-G34 | H36: =H33-H34 | I36: =I33-I34
E37: `26년 실적 | F37: =F33-F35 | G37: =G33-G35 | H37: =H33-H35 | I37: =I33-I35
B38: 부문6_키친솔루션 | C38: 제품1 + 제품2 | D38: 고정비 | E38: `25년 실적 | F38: =F43+F83 | G38: =G43+G83 | H38: =H43+H83 | I38: =I43+I83
E39: `26년 목표 | F39: =F44+F84 | G39: =G44+G84 | H39: =H44+H84 | I39: =I44+I84
E40: `26년 실적 | F40: =F45+F85 | G40: =G45+G85 | H40: =H45+H85 | I40: =I45+I85
D41: 개선금액 | E41: `26년 목표 | F41: =F38-F39 | G41: =G38-G39 | H41: =H38-H39 | I41: =I38-I39
E42: `26년 실적 | F42: =F38-F40 | G42: =G38-G40 | H42: =H38-H40 | I42: =I38-I40
B43: 부문6_제품1 | C43: 제품1 | D43: 고정비 | E43: `25년 실적 | F43: 154.90827 | G43: 185.74654 | H43: 105.21739 | I43: 209.97259
E44: `26년 목표 | F44: 167.96029 | G44: 239.51281 | H44: 180.78116 | I44: 254.41396
E45: `26년 실적 | F45: 229.41675 | G45: 133.7458 | H45: 170.43633 | I45: 180.16595
D46: 개선금액 | E46: `26년 목표 | F46: =F43-F44 | G46: =G43-G44 | H46: =H43-H44 | I46: =I43-I44
E47: `26년 실적 | F47: =F43-F45 | G47: =G43-G45 | H47: =H43-H45 | I47: =I43-I45
C48: 법인4 | D48: 고정비 | E48: `25년 실적 | F48: 71.962584 | G48: 69.904531 | H48: 73.141437 | I48: 57.34515
E49: `26년 목표 | F49: 32.53968 | G49: 43.768797 | H49: 81.388208 | I49: 93.82909
E50: `26년 실적 | F50: 87.11588 | G50: 82.270713 | H50: 74.628377 | I50: 127.33374
D51: 개선금액 | E51: `26년 목표 | F51: =F48-F49 | G51: =G48-G49 | H51: =H48-H49 | I51: =I48-I49
E52: `26년 실적 | F52: =F48-F50 | G52: =G48-G50 | H52: =H48-H50 | I52: =I48-I50
C53: 법인5 | D53: 고정비 | E53: `25년 실적 | F53: =F58+F63 | G53: =G58+G63 | H53: =H58+H63 | I53: =I58+I63
E54: `26년 목표 | F54: =F59+F64 | G54: =G59+G64 | H54: =H59+H64 | I54: =I59+I64
E55: `26년 실적 | F55: =F60+F65 | G55: =G60+G65 | H55: =H60+H65 | I55: =I60+I65
D56: 개선금액 | E56: `26년 목표 | F56: =F53-F54 | G56: =G53-G54 | H56: =H53-H54 | I56: =I53-I54
E57: `26년 실적 | F57: =F53-F55 | G57: =G53-G55 | H57: =H53-H55 | I57: =I53-I55
C58: 법인6 | D58: 고정비 | E58: `25년 실적 | F58: 54.723979 | G58: 41.300047 | H58: 36.58185 | I58: 59.931502
E59: `26년 목표 | F59: 105.27672 | G59: 69.946177 | H59: 50.05933 | I59: 46.899153
E60: `26년 실적 | F60: 33.541578 | G60: 34.190484 | H60: 88.420651 | I60: 36.898052
D61: 개선금액 | E61: `26년 목표 | F61: =F58-F59 | G61: =G58-G59 | H61: =H58-H59 | I61: =I58-I59
E62: `26년 실적 | F62: =F58-F60 | G62: =G58-G60 | H62: =H58-H60 | I62: =I58-I60
C63: 법인7 | D63: 고정비 | E63: `25년 실적 | F63: 47.655619 | G63: 66.526903 | H63: 114.75763 | I63: 86.365861
E64: `26년 목표 | F64: 113.78774 | G64: 42.023203 | H64: 120.21436 | I64: 58.839373
E65: `26년 실적 | F65: 124.68368 | G65: 123.96766 | H65: 45.275934 | I65: 55.355598
D66: 개선금액 | E66: `26년 목표 | F66: =F63-F64 | G66: =G63-G64 | H66: =H63-H64 | I66: =I63-I64
E67: `26년 실적 | F67: =F63-F65 | G67: =G63-G65 | H67: =H63-H65 | I67: =I63-I65
C68: 법인8 | D68: 고정비 | E68: `25년 실적 | F68: 140.6802 | G68: 38.592744 | H68: 67.216928 | I68: 95.312468
E69: `26년 목표 | F69: 83.037317 | G69: 51.008727 | H69: 99.773392 | I69: 103.36047
E70: `26년 실적 | F70: 39.076322 | G70: 95.851529 | H70: 111.5189 | I70: 117.97917
D71: 개선금액 | E71: `26년 목표 | F71: =F68-F69 | G71: =G68-G69 | H71: =H68-H69 | I71: =I68-I69
E72: `26년 실적 | F72: =F68-F70 | G72: =G68-G70 | H72: =H68-H70 | I72: =I68-I70
C73: 법인9 | D73: 고정비 | E73: `25년 실적 | F73: 68.782498 | G73: 19.257472 | H73: 23.909511 | I73: 38.005079
E74: `26년 목표 | F74: 23.230507 | G74: 55.601044 | H74: 52.739553 | I74: 26.051734
E75: `26년 실적 | F75: 98.372516 | G75: 98.390949 | H75: 40.568002 | I75: 48.39747
D76: 개선금액 | E76: `26년 목표 | F76: =F73-F74 | G76: =G73-G74 | H76: =H73-H74 | I76: =I73-I74
E77: `26년 실적 | F77: =F73-F75 | G77: =G73-G75 | H77: =H73-H75 | I77: =I73-I75
C78: 법인10 | D78: 고정비 | E78: `25년 실적 | F78: 0 | G78: 0 | H78: 0 | I78: 0
E79: `26년 목표 | F79: 0 | G79: 0 | H79: 0 | I79: 0
E80: `26년 실적 | F80: 0 | G80: 0 | H80: 0 | I80: 0
D81: 개선금액 | E81: `26년 목표 | F81: =F78-F79 | G81: =G78-G79 | H81: =H78-H79 | I81: =I78-I79
E82: `26년 실적 | F82: =F78-F80 | G82: =G78-G80 | H82: =H78-H80 | I82: =I78-I80
B83: 부문6_제품2 | C83: 법인7 | D83: 고정비 | E83: `25년 실적 | F83: 22.822732 | G83: 19.846849 | H83: 3.916057 | I83: 14.447077
E84: `26년 목표 | F84: 29.547437 | G84: 34.951064 | H84: 23.158169 | I84: 12.675824
E85: `26년 실적 | F85: 2.536662 | G85: 19.846849 | H85: 4.465238 | I85: 10.725452
D86: 개선금액 | E86: `26년 목표 | F86: =F83-F84 | G86: =G83-G84 | H86: =H83-H84 | I86: =I83-I84
E87: `26년 실적 | F87: =F83-F85 | G87: =G83-G85 | H87: =H83-H85 | I87: =I83-I85

Sheet 고정비_UnControl
G2: 1월 | H2: 2월 | I2: 3월 | J2: 4월 | K2: 5월 | L2: 6월 | M2: 7월 | N2: 8월 | O2: 9월 | P2: 10월 | Q2: 11월 | R2: 12월
B3: 키친솔루션 | C3: 키친솔루션 합계 | E3: 고정비 | F3: `25년 실적 | G3: =SUM(G8,G38) | H3: =SUM(H8,H38) | I3: =SUM(I8,I38) | J3: =SUM(J8,J38)
F4: `26년 목표 | G4: =SUM(G9,G39) | H4: =SUM(H9,H39) | I4: =SUM(I9,I39) | J4: =SUM(J9,J39)
F5: `26년 실적 | G5: =SUM(G10,G40) | H5: =SUM(H10,H40) | I5: =SUM(I10,I40) | J5: =SUM(J10,J40)
E6: 개선금액 | F6: `26년 목표 | G6: =G3-G4 | H6: =H3-H4 | I6: =I3-I4 | J6: =J3-J4
F7: `26년 실적 | G7: =G3-G5 | H7: =H3-H5 | I7: =I3-I5 | J7: =J3-J5
C8: 국내 | D8: 국내 합계 | E8: 고정비 | F8: `25년 실적 | G8: =SUM(G13,G18,G23,G28,G33) | H8: =SUM(H13,H18,H23,H28,H33) | I8: =SUM(I13,I18,I23,I28,I33) | J8: =SUM(J13,J18,J23,J28,J33)
F9: `26년 목표 | G9: =SUM(G14,G19,G24,G29,G34) | H9: =SUM(H14,H19,H24,H29,H34) | I9: =SUM(I14,I19,I24,I29,I34) | J9: =SUM(J14,J19,J24,J29,J34)
F10: `26년 실적 | G10: =SUM(G15,G20,G25,G30,G35) | H10: =SUM(H15,H20,H25,H30,H35) | I10: =SUM(I15,I20,I25,I30,I35) | J10: =SUM(J15,J20,J25,J30,J35)
E11: 개선금액 | F11: `26년 목표 | G11: =SUM(G16,G21,G26,G31,G36) | H11: =SUM(H16,H21,H26,H31,H36) | I11: =SUM(I16,I21,I26,I31,I36) | J11: =SUM(J16,J21,J26,J31,J36)
F12: `26년 실적 | G12: =SUM(G17,G22,G27,G32,G37) | H12: =SUM(H17,H22,H27,H32,H37) | I12: =SUM(I17,I22,I27,I32,I37) | J12: =SUM(J17,J22,J27,J32,J37)
D13: 자체 | E13: 고정비 | F13: `25년 실적 | G13: =SUM(G78,G143) | H13: =SUM(H78,H143) | I13: =SUM(I78,I143) | J13: =SUM(J78,J143)
F14: `26년 목표 | G14: =SUM(G79,G144) | H14: =SUM(H79,H144) | I14: =SUM(I79,I144) | J14: =SUM(J79,J144)
F15: `26년 실적 | G15: =SUM(G80,G145) | H15: =SUM(H80,H145) | I15: =SUM(I80,I145) | J15: =SUM(J80,J145)
E16: 개선금액 | F16: `26년 목표 | G16: =G13-G14 | H16: =H13-H14 | I16: =I13-I14 | J16: =J13-J14
F17: `26년 실적 | G17: =G13-G15 | H17: =H13-H15 | I17: =I13-I15 | J17: =J13-J15
D18: 부문1 | E18: 고정비 | F18: `25년 실적 | G18: =SUM(G83,G148) | H18: =SUM(H83,H148) | I18: =SUM(I83,I148) | J18: =SUM(J83,J148)
F19: `26년 목표 | G19: =SUM(G84,G149) | H19: =SUM(H84,H149) | I19: =SUM(I84,I149) | J19: =SUM(J84,J149)
F20: `26년 실적 | G20: =SUM(G85,G150) | H20: =SUM(H85,H150) | I20: =SUM(I85,I150) | J20: =SUM(J85,J150)
E21: 개선금액 | F21: `26년 목표 | G21: =G18-G19 | H21: =H18-H19 | I21: =I18-I19 | J21: =J18-J19
F22: `26년 실적 | G22: =G18-G20 | H22: =H18-H20 | I22: =I18-I20 | J22: =J18-J20
D23: 부문2 | E23: 고정비 | F23: `25년 실적 | G23: =SUM(G88,G153) | H23: =SUM(H88,H153) | I23: =SUM(I88,I153) | J23: =SUM(J88,J153)
F24: `26년 목표 | G24: =SUM(G89,G154) | H24: =SUM(H89,H154) | I24: =SUM(I89,I154) | J24: =SUM(J89,J154)
F25: `26년 실적 | G25: =SUM(G90,G155) | H25: =SUM(H90,H155) | I25: =SUM(I90,I155) | J25: =SUM(J90,J155)
E26: 개선금액 | F26: `26년 목표 | G26: =G23-G24 | H26: =H23-H24 | I26: =I23-I24 | J26: =J23-J24
F27: `26년 실적 | G27: =G23-G25 | H27: =H23-H25 | I27: =I23-I25 | J27: =J23-J25
D28: 부문3 | E28: 고정비 | F28: `25년 실적 | G28: =SUM(G93,G158) | H28: =SUM(H93,H158) | I28: =SUM(I93,I158) | J28: =SUM(J93,J158)
F29: `26년 목표 | G29: =SUM(G94,G159) | H29: =SUM(H94,H159) | I29: =SUM(I94,I159) | J29: =SUM(J94,J159)
F30: `26년 실적 | G30: =SUM(G95,G160) | H30: =SUM(H95,H160) | I30: =SUM(I95,I160) | J30: =SUM(J95,J160)
E31: 개선금액 | F31: `26년 목표 | G31: =G28-G29 | H31: =H28-H29 | I31: =I28-I29 | J31: =J28-J29
F32: `26년 실적 | G32: =G28-G30 | H32: =H28-H30 | I32: =I28-I30 | J32: =J28-J30
D33: 부문4 | E33: 고정비 | F33: `25년 실적 | G33: =SUM(G98,G163) | H33: =SUM(H98,H163) | I33: =SUM(I98,I163) | J33: =SUM(J98,J163)
F34: `26년 목표 | G34: =SUM(G99,G164) | H34: =SUM(H99,H164) | I34: =SUM(I99,I164) | J34: =SUM(J99,J164)
F35: `26년 실적 | G35: =SUM(G100,G165) | H35: =SUM(H100,H165) | I35: =SUM(I100,I165) | J35: =SUM(J100,J165)
E36: 개선금액 | F36: `26년 목표 | G36: =G33-G34 | H36: =H33-H34 | I36: =I33-I34 | J36: =J33-J34
F37: `26년 실적 | G37: =G33-G35 | H37: =H33-H35 | I37: =I33-I35 | J37: =J33-J35
C38: 해외 | D38: 해외 합계 | E38: 고정비 | F38: `25년 실적 | G38: =SUM(G43,G48,G53,G58,G63) | H38: =SUM(H43,H48,H53,H58,H63) | I38: =SUM(I43,I48,I53,I58,I63) | J38: =SUM(J43,J48,J53,J58,J63)
F39: `26년 목표 | G39: =SUM(G44,G49,G54,G59,G64) | H39: =SUM(H44,H49,H54,H59,H64) | I39: =SUM(I44,I49,I54,I59,I64) | J39: =SUM(J44,J49,J54,J59,J64)
F40: `26년 실적 | G40: =SUM(G45,G50,G55,G60,G65) | H40: =SUM(H45,H50,H55,H60,H65) | I40: =SUM(I45,I50,I55,I60,I65) | J40: =SUM(J45,J50,J55,J60,J65)
E41: 개선금액 | F41: `26년 목표 | G41: =SUM(G46,G51,G56,G61,G66) | H41: =SUM(H46,H51,H56,H61,H66) | I41: =SUM(I46,I51,I56,I61,I66) | J41: =SUM(J46,J51,J56,J61,J66)
F42: `26년 실적 | G42: =SUM(G47,G52,G57,G62,G67) | H42: =SUM(H47,H52,H57,H62,H67) | I42: =SUM(I47,I52,I57,I62,I67) | J42: =SUM(J47,J52,J57,J62,J67)
D43: 부문5 | E43: 고정비 | F43: `25년 실적 | G43: =SUM(G108,G173) | H43: =SUM(H108,H173) | I43: =SUM(I108,I173) | J43: =SUM(J108,J173)
F44: `26년 목표 | G44: =SUM(G109,G174) | H44: =SUM(H109,H174) | I44: =SUM(I109,I174) | J44: =SUM(J109,J174)
F45: `26년 실적 | G45: =SUM(G110,G175) | H45: =SUM(H110,H175) | I45: =SUM(I110,I175) | J45: =SUM(J110,J175)
E46: 개선금액 | F46: `26년 목표 | G46: =G43-G44 | H46: =H43-H44 | I46: =I43-I44 | J46: =J43-J44
F47: `26년 실적 | G47: =G43-G45 | H47: =H43-H45 | I47: =I43-I45 | J47: =J43-J45
D48: 부문6 | E48: 고정비 | F48: `25년 실적 | G48: =SUM(G113,G178) | H48: =SUM(H113,H178) | I48: =SUM(I113,I178) | J48: =SUM(J113,J178)
F49: `26년 목표 | G49: =SUM(G114,G179) | H49: =SUM(H114,H179) | I49: =SUM(I114,I179) | J49: =SUM(J114,J179)
F50: `26년 실적 | G50: =SUM(G115,G180) | H50: =SUM(H115,H180) | I50: =SUM(I115,I180) | J50: =SUM(J115,J180)
E51: 개선금액 | F51: `26년 목표 | G51: =G48-G49 | H51: =H48-H49 | I51: =I48-I49 | J51: =J48-J49
F52: `26년 실적 | G52: =G48-G50 | H52: =H48-H50 | I52: =I48-I50 | J52: =J48-J50
D53: 부문7 | E53: 고정비 | F53: `25년 실적 | G53: =SUM(G118,G183) | H53: =SUM(H118,H183) | I53: =SUM(I118,I183) | J53: =SUM(J118,J183)
F54: `26년 목표 | G54: =SUM(G119,G184) | H54: =SUM(H119,H184) | I54: =SUM(I119,I184) | J54: =SUM(J119,J184)
F55: `26년 실적 | G55: =SUM(G120,G185) | H55: =SUM(H120,H185) | I55: =SUM(I120,I185) | J55: =SUM(J120,J185)
E56: 개선금액 | F56: `26년 목표 | G56: =G53-G54 | H56: =H53-H54 | I56: =I53-I54 | J56: =J53-J54
F57: `26년 실적 | G57: =G53-G55 | H57: =H53-H55 | I57: =I53-I55 | J57: =J53-J55
D58: 부문8 | E58: 고정비 | F58: `25년 실적 | G58: =SUM(G123,G188) | H58: =SUM(H123,H188) | I58: =SUM(I123,I188) | J58: =SUM(J123,J188)
F59: `26년 목표 | G59: =SUM(G124,G189) | H59: =SUM(H124,H189) | I59: =SUM(I124,I189) | J59: =SUM(J124,J189)
F60: `26년 실적 | G60: =SUM(G125,G190) | H60: =SUM(H125,H190) | I60: =SUM(I125,I190) | J60: =SUM(J125,J190)
E61: 개선금액 | F61: `26년 목표 | G61: =G58-G59 | H61: =H58-H59 | I61: =I58-I59 | J61: =J58-J59
F62: `26년 실적 | G62: =G58-G60 | H62: =H58-H60 | I62: =I58-I60 | J62: =J58-J60
D63: 부문9 | E63: 고정비 | F63: `25년 실적 | G63: =SUM(G128,G193) | H63: =SUM(H128,H193) | I63: =SUM(I128,I193) | J63: =SUM(J128,J193)
F64: `26년 목표 | G64: =SUM(G129,G194) | H64: =SUM(H129,H194) | I64: =SUM(I129,I194) | J64: =SUM(J129,J194)
F65: `26년 실적 | G65: =SUM(G130,G195) | H65: =SUM(H130,H195) | I65: =SUM(I130,I195) | J65: =SUM(J130,J195)
E66: 개선금액 | F66: `26년 목표 | G66: =G63-G64 | H66: =H63-H64 | I66: =I63-I64 | J66: =J63-J64
F67: `26년 실적 | G67: =G63-G65 | H67: =H63-H65 | I67: =I63-I65 | J67: =J63-J65
B68: 제품1 | C68: 제품1 합계 | E68: 고정비 | F68: `25년 실적 | G68: =SUM(G73,G103) | H68: =SUM(H73,H103) | I68: =SUM(I73,I103) | J68: =SUM(J73,J103)
F69: `26년 목표 | G69: =SUM(G74,G104) | H69: =SUM(H74,H104) | I69: =SUM(I74,I104) | J69: =SUM(J74,J104)
F70: `26년 실적 | G70: =SUM(G75,G105) | H70: =SUM(H75,H105) | I70: =SUM(I75,I105) | J70: =SUM(J75,J105)
E71: 개선금액 | F71: `26년 목표 | G71: =SUM(G76,G106) | H71: =SUM(H76,H106) | I71: =SUM(I76,I106) | J71: =SUM(J76,J106)
F72: `26년 실적 | G72: =SUM(G77,G107) | H72: =SUM(H77,H107) | I72: =SUM(I77,I107) | J72: =SUM(J77,J107)
C73: 국내 | D73: 국내 합계 | E73: 고정비 | F73: `25년 실적 | G73: =SUM(G78,G83,G88,G93,G98) | H73: =SUM(H78,H83,H88,H93,H98) | I73: =SUM(I78,I83,I88,I93,I98) | J73: =SUM(J78,J83,J88,J93,J98)
F74: `26년 목표 | G74: =SUM(G79,G84,G89,G94,G99) | H74: =SUM(H79,H84,H89,H94,H99) | I74: =SUM(I79,I84,I89,I94,I99) | J74: =SUM(J79,J84,J89,J94,J99)
F75: `26년 실적 | G75: =SUM(G80,G85,G90,G95,G100) | H75: =SUM(H80,H85,H90,H95,H100) | I75: =SUM(I80,I85,I90,I95,I100) | J75: =SUM(J80,J85,J90,J95,J100)
E76: 개선금액 | F76: `26년 목표 | G76: =SUM(G81,G86,G91,G96,G101) | H76: =SUM(H81,H86,H91,H96,H101) | I76: =SUM(I81,I86,I91,I96,I101) | J76: =SUM(J81,J86,J91,J96,J101)
F77: `26년 실적 | G77: =SUM(G82,G87,G92,G97,G102) | H77: =SUM(H82,H87,H92,H97,H102) | I77: =SUM(I82,I87,I92,I97,I102) | J77: =SUM(J82,J87,J92,J97,J102)
D78: 자체 | E78: 고정비 | F78: `25년 실적 | G78: 131.50593 | H78: 129.1184 | I78: 161.13444 | J78: 103.7727
F79: `26년 목표 | G79: 209.38489 | H79: 150.29866 | I79: 154.66349 | J79: 93.890776
F80: `26년 실적 | G80: 316.47481 | H80: 218.35491 | I80: 134.0377 | J80: 211.69676
E81: 개선금액 | F81: `26년 목표 | G81: =G78-G79 | H81: =H78-H79 | I81: =I78-I79 | J81: =J78-J79
F82: `26년 실적 | G82: =G78-G80 | H82: =H78-H80 | I82: =I78-I80 | J82: =J78-J80
D83: 부문1 | E83: 고정비 | F83: `25년 실적 | G83: 51.352569 | H83: 55.797937 | I83: 49.483834 | J83: 86.231621
F84: `26년 목표 | G84: 99.404326 | H84: 71.185129 | I84: 60.635294 | J84: 47.818235
F85: `26년 실적 | G85: 58.16757 | H85: 79.608823 | I85: 67.927406 | J85: 64.086631
E86: 개선금액 | F86: `26년 목표 | G86: =G83-G84 | H86: =H83-H84 | I86: =I83-I84 | J86: =J83-J84
F87: `26년 실적 | G87: =G83-G85 | H87: =H83-H85 | I87: =I83-I85 | J87: =J83-J85
D88: 부문2 | E88: 고정비 | F88: `25년 실적 | G88: 54.959285 | H88: 89.586698 | I88: 31.050021 | J88: 104.85442
F89: `26년 목표 | G89: 54.959285 | H89: 89.586698 | I89: 31.050021 | J89: 104.85442
F90: `26년 실적 | G90: 42.171408 | H90: 65.496151 | I90: 49.918341 | J90: 46.488601
E91: 개선금액 | F91: `26년 목표 | G91: =G88-G89 | H91: =H88-H89 | I91: =I88-I89 | J91: =J88-J89
F92: `26년 실적 | G92: =G88-G90 | H92: =H88-H90 | I92: =I88-I90 | J92: =J88-J90
D93: 부문3 | E93: 고정비 | F93: `25년 실적 | G93: 149.52065 | H93: 71.6074 | I93: 85.565055 | J93: 84.894385
F94: `26년 목표 | G94: 116.28981 | H94: 69.817822 | I94: 82.125786 | J94: 214.90545
F95: `26년 실적 | G95: 39.108745 | H95: 107.41875 | I95: 63.690232 | J95: 149.4943
E96: 개선금액 | F96: `26년 목표 | G96: =G93-G94 | H96: =H93-H94 | I96: =I93-I94 | J96: =J93-J94
F97: `26년 실적 | G97: =G93-G95 | H97: =H93-H95 | I97: =I93-I95 | J97: =J93-J95
D98: 부문4 | E98: 고정비 | F98: `25년 실적 | G98: 72.075707 | H98: 103.39018 | I98: 93.937551 | J98: 93.937551
F99: `26년 목표 | G99: 152.16759 | H99: 152.16759 | I99: 152.16759 | J99: 152.16759
F100: `26년 실적 | G100: 89.449615 | H100: 132.8845 | I100: 152.16759 | J100: 152.16759
E101: 개선금액 | F101: `26년 목표 | G101: =G98-G99 | H101: =H98-H99 | I101: =I98-I99 | J101: =J98-J99
...

Sheet 고정비_Rawdata
B2: 구분 | D2: 25년 실적 | Q2: 26년 목표 | AD2: 26년 실적
D3: 1월 | E3: 2월 | F3: 3월 | G3: 4월 | H3: 5월 | I3: 6월 | J3: 7월 | K3: 8월 | L3: 9월 | M3: 10월 | N3: 11월 | O3: 12월 | P3: Total | Q3: 1월 | R3: 2월 | S3: 3월 | T3: 4월 | U3: 5월 | V3: 6월 | W3: 7월 | X3: 8월 | Y3: 9월 | Z3: 10월 | AA3: 11월 | AB3: 12월 | AC3: Total | AD3: 1월 | AJ3: 2월 | AO3: 3월 | AU3: 4월 | BA3: 5월 | BH3: 6월 | BN3: 7월 | BT3: 8월 | CA3: 9월 | CG3: 10월 | CM3: 11월 | CS3: 12월
D4: Total | E4: Total | F4: Total | G4: Total | H4: Total | I4: Total | J4: Total | K4: Total | L4: Total | M4: Total | N4: Total | O4: Total | Q4: Total | R4: Total | S4: Total | T4: Total | U4: Total | V4: Total | W4: Total | X4: Total | Y4: Total | Z4: Total | AA4: Total | AB4: Total | AD4: 실적 | AE4: W1 | AF4: W2 | AG4: W3 | AH4: W4 | AI4: W5 | AJ4: 실적 | AK4: W6 | AL4: W7 | AM4: W8 | AN4: W9 | AO4: 실적 | AP4: W10 | AQ4: W11 | AR4: W12 | AS4: W13 | AT4: W14 | AU4: 실적 | AV4: W14 | AW4: W15 | AX4: W16 | AY4: W17 | AZ4: W18 | BA4: 실적 | BB4: W18 | BC4: W19 | BD4: W20 | BE4: W21 | BF4: W22 | BG4: W23 | BH4: 실적 | BI4: W23 | BJ4: W24 | BK4: W25 | BL4: W26 | BM4: W27 | BN4: 실적 | BO4: W27 | BP4: W28 | BQ4: W29 | BR4: W30 | BS4: W31 | BT4: 실적 | BU4: W31 | BV4: W32 | BW4: W33 | BX4: W34 | BY4: W35 | BZ4: W36 | CA4: 실적 | CB4: W36 | CC4: W37 | CD4: W38 | CE4: W39 | CF4: W40 | CG4: 실적 | CH4: W40 | CI4: W41 | CJ4: W42 | CK4: W43 | CL4: W44 | CM4: 실적 | CN4: W45 | CO4: W46 | CP4: W47 | CQ4: W48 | CR4: W49 | CS4: 실적 | CT4: W49 | CU4: W50 | CV4: W51 | CW4: W52 | CX4: W53
B5: 키친솔루션 | C5: 고정비 | D5: =SUM(D6:D27) | E5: =SUM(E6:E27) | F5: =SUM(F6:F27) | G5: =SUM(G6:G27) | H5: =SUM(H6:H27) | I5: =SUM(I6:I27) | J5: =SUM(J6:J27) | K5: =SUM(K6:K27) | ... O5: =SUM(O6:O27) | P5: =SUM(D5:O5) | Q5: =SUM(Q6:Q27) | R5: =SUM(R6:R27) | S5: =SUM(S6:S27) | T5: =SUM(T6:T27) | U5: =SUM(U6:U27) | V5: =SUM(V6:V27) | W5: =SUM(W6:W27) | X5: =SUM(X6:X27) | ... AZ5: =SUM(AZ6:AZ27)
C6: 광고비 | D6: =D29+D52 | E6: =E29+E52 | F6: =F29+F52 | G6: =G29+G52 | H6: =H29+H52 | I6: =I29+I52 | J6: =J29+J52 | K6: =K29+K52 | ... O6: =O29+O52 | P6: =SUM(D6:O6) | Q6: =Q29+Q52 | R6: =R29+R52 | S6: =S29+S52 | T6: =T29+T52 | U6: =U29+U52 | V6: =V29+V52 | W6: =W29+W52 | X6: =X29+X52 | ... AB6: =AB29+AB52 | AC6: =SUM(Q6:AB6) | AD6: =AD29+AD52 | AE6: =AE29+AE52 | AF6: =AF29+AF52 | AG6: =AG29+AG52 | AH6: =AH29+AH52 | AI6: =AI29+AI52 | AJ6: =AJ29+AJ52 | AK6: =AK29+AK52 | ... AZ6: =AZ29+AZ52
C7: 경시비 | D7: =D30+D53 | E7: =E30+E53 | F7: =F30+F53 | G7: =G30+G53 | H7: =H30+H53 | I7: =I30+I53 | J7: =J30+J53 | K7: =K30+K53 | ... O7: =O30+O53 | P7: =SUM(D7:O7) | Q7: =Q30+Q53 | R7: =R30+R53 | S7: =S30+S53 | T7: =T30+T53 | U7: =U30+U53 | V7: =V30+V53 | W7: =W30+W53 | X7: =X30+X53 | ... AB7: =AB30+AB53 | AC7: =SUM(Q7:AB7) | AD7: =AD30+AD53 | AE7: =AE30+AE53 | AF7: =AF30+AF53 | AG7: =AG30+AG53 | AH7: =AH30+AH53 | AI7: =AI30+AI53 | AJ7: =AJ30+AJ53 | AK7: =AK30+AK53 | ... AZ7: =AZ30+AZ53
C8: 인건비 | D8: =D31+D54 | E8: =E31+E54 | F8: =F31+F54 | G8: =G31+G54 | H8: =H31+H54 | I8: =I31+I54 | J8: =J31+J54 | K8: =K31+K54 | ... O8: =O31+O54 | P8: =SUM(D8:O8) | Q8: =Q31+Q54 | R8: =R31+R54 | S8: =S31+S54 | T8: =T31+T54 | U8: =U31+U54 | V8: =V31+V54 | W8: =W31+W54 | X8: =X31+X54 | ... AB8: =AB31+AB54 | AC8: =SUM(Q8:AB8) | AD8: =AD31+AD54 | AE8: =AE31+AE54 | AF8: =AF31+AF54 | AG8: =AG31+AG54 | AH8: =AH31+AH54 | AI8: =AI31+AI54 | AJ8: =AJ31+AJ54 | AK8: =AK31+AK54 | ... AZ8: =AZ31+AZ54
C9: 물류비 | D9: =D32+D55 | E9: =E32+E55 | F9: =F32+F55 | G9: =G32+G55 | H9: =H32+H55 | I9: =I32+I55 | J9: =J32+J55 | K9: =K32+K55 | ... O9: =O32+O55 | P9: =SUM(D9:O9) | Q9: =Q32+Q55 | R9: =R32+R55 | S9: =S32+S55 | T9: =T32+T55 | U9: =U32+U55 | V9: =V32+V55 | W9: =W32+W55 | X9: =X32+X55 | ... AB9: =AB32+AB55 | AC9: =SUM(Q9:AB9) | AD9: =AD32+AD55 | AE9: =AE32+AE55 | AF9: =AF32+AF55 | AG9: =AG32+AG55 | AH9: =AH32+AH55 | AI9: =AI32+AI55 | AJ9: =AJ32+AJ55 | AK9: =AK32+AK55 | ... AZ9: =AZ32+AZ55
C10: 서비스비 | D10: =D33+D56 | E10: =E33+E56 | F10: =F33+F56 | G10: =G33+G56 | H10: =H33+H56 | I10: =I33+I56 | J10: =J33+J56 | K10: =K33+K56 | ... O10: =O33+O56 | P10: =SUM(D10:O10) | Q10: =Q33+Q56 | R10: =R33+R56 | S10: =S33+S56 | T10: =T33+T56 | U10: =U33+U56 | V10: =V33+V56 | W10: =W33+W56 | X10: =X33+X56 | ... AB10: =AB33+AB56 | AC10: =SUM(Q10:AB10) | AD10: =AD33+AD56 | AE10: =AE33+AE56 | AF10: =AF33+AF56 | AG10: =AG33+AG56 | AH10: =AH33+AH56 | AI10: =AI33+AI56 | AJ10: =AJ33+AJ56 | AK10: =AK33+AK56 | ... AZ10: =AZ33+AZ56
C11: 지급수수료 | D11: =D34+D57 | E11: =E34+E57 | F11: =F34+F57 | G11: =G34+G57 | H11: =H34+H57 | I11: =I34+I57 | J11: =J34+J57 | K11: =K34+K57 | ... O11: =O34+O57 | P11: =SUM(D11:O11) | Q11: =Q34+Q57 | R11: =R34+R57 | S11: =S34+S57 | T11: =T34+T57 | U11: =U34+U57 | V11: =V34+V57 | W11: =W34+W57 | X11: =X34+X57 | ... AB11: =AB34+AB57 | AC11: =SUM(Q11:AB11) | AD11: =AD34+AD57 | AE11: =AE34+AE57 | AF11: =AF34+AF57 | AG11: =AG34+AG57 | AH11: =AH34+AH57 | AI11: =AI34+AI57 | AJ11: =AJ34+AJ57 | AK11: =AK34+AK57 | ... AZ11: =AZ34+AZ57
C12: 감가상각비 | D12: =D35+D58 | E12: =E35+E58 | F12: =F35+F58 | G12: =G35+G58 | H12: =H35+H58 | I12: =I35+I58 | J12: =J35+J58 | K12: =K35+K58 | ... O12: =O35+O58 | P12: =SUM(D12:O12) | Q12: =Q35+Q58 | R12: =R35+R58 | S12: =S35+S58 | T12: =T35+T58 | U12: =U35+U58 | V12: =V35+V58 | W12: =W35+W58 | X12: =X35+X58 | ... AB12: =AB35+AB58 | AC12: =SUM(Q12:AB12) | AD12: =AD35+AD58 | AE12: =AE35+AE58 | AF12: =AF35+AF58 | AG12: =AG35+AG58 | AH12: =AH35+AH58 | AI12: =AI35+AI58 | AJ12: =AJ35+AJ58 | AK12: =AK35+AK58 | ... AZ12: =AZ35+AZ58
C13: 로열티 | D13: =D36+D59 | E13: =E36+E59 | F13: =F36+F59 | G13: =G36+G59 | H13: =H36+H59 | I13: =I36+I59 | J13: =J36+J59 | K13: =K36+K59 | ... O13: =O36+O59 | P13: =SUM(D13:O13) | Q13: =Q36+Q59 | R13: =R36+R59 | S13: =S36+S59 | T13: =T36+T59 | U13: =U36+U59 | V13: =V36+V59 | W13: =W36+W59 | X13: =X36+X59 | ... AB13: =AB36+AB59 | AC13: =SUM(Q13:AB13) | AD13: =AD36+AD59 | AE13: =AE36+AE59 | AF13: =AF36+AF59 | AG13: =AG36+AG59 | AH13: =AH36+AH59 | AI13: =AI36+AI59 | AJ13: =AJ36+AJ59 | AK13: =AK36+AK59 | ... AZ13: =AZ36+AZ59
C14: 소모품비 | D14: =D37+D60 | E14: =E37+E60 | F14: =F37+F60 | G14: =G37+G60 | H14: =H37+H60 | I14: =I37+I60 | J14: =J37+J60 | K14: =K37+K60 | ... O14: =O37+O60 | P14: =SUM(D14:O14) | Q14: =Q37+Q60 | R14: =R37+R60 | S14: =S37+S60 | T14: =T37+T60 | U14: =U37+U60 | V14: =V37+V60 | W14: =W37+W60 | X14: =X37+X60 | ... AB14: =AB37+AB60 | AC14: =SUM(Q14:AB14) | AD14: =AD37+AD60 | AE14: =AE37+AE60 | AF14: =AF37+AF60 | AG14: =AG37+AG60 | AH14: =AH37+AH60 | AI14: =AI37+AI60 | AJ14: =AJ37+AJ60 | AK14: =AK37+AK60 | ... AZ14: =AZ37+AZ60
C15: 임차료 | D15: =D38+D61 | E15: =E38+E61 | F15: =F38+F61 | G15: =G38+G61 | H15: =H38+H61 | I15: =I38+I61 | J15: =J38+J61 | K15: =K38+K61 | ... O15: =O38+O61 | P15: =SUM(D15:O15) | Q15: =Q38+Q61 | R15: =R38+R61 | S15: =S38+S61 | T15: =T38+T61 | U15: =U38+U61 | V15: =V38+V61 | W15: =W38+W61 | X15: =X38+X61 | ... AB15: =AB38+AB61 | AC15: =SUM(Q15:AB15) | AD15: =AD38+AD61 | AE15: =AE38+AE61 | AF15: =AF38+AF61 | AG15: =AG38+AG61 | AH15: =AH38+AH61 | AI15: =AI38+AI61 | AJ15: =AJ38+AJ61 | AK15: =AK38+AK61 | ... AZ15: =AZ38+AZ61
C16: 세금과공과 | D16: =D39+D62 | E16: =E39+E62 | F16: =F39+F62 | G16: =G39+G62 | H16: =H39+H62 | I16: =I39+I62 | J16: =J39+J62 | K16: =K39+K62 | ... O16: =O39+O62 | P16: =SUM(D16:O16) | Q16: =Q39+Q62 | R16: =R39+R62 | S16: =S39+S62 | T16: =T39+T62 | U16: =U39+U62 | V16: =V39+V62 | W16: =W39+W62 | X16: =X39+X62 | ... AB16: =AB39+AB62 | AC16: =SUM(Q16:AB16) | AD16: =AD39+AD62 | AE16: =AE39+AE62 | AF16: =AF39+AF62 | AG16: =AG39+AG62 | AH16: =AH39+AH62 | AI16: =AI39+AI62 | AJ16: =AJ39+AJ62 | AK16: =AK39+AK62 | ... AZ16: =AZ39+AZ62
C17: IT. | D17: =D40+D63 | E17: =E40+E63 | F17: =F40+F63 | G17: =G40+G63 | H17: =H40+H63 | I17: =I40+I63 | J17: =J40+J63 | K17: =K40+K63 | ... O17: =O40+O63 | P17: =SUM(D17:O17) | Q17: =Q40+Q63 | R17: =R40+R63 | S17: =S40+S63 | T17: =T40+T63 | U17: =U40+U63 | V17: =V40+V63 | W17: =W40+W63 | X17: =X40+X63 | ... AB17: =AB40+AB63 | AC17: =SUM(Q17:AB17) | AD17: =AD40+AD63 | AE17: =AE40+AE63 | AF17: =AF40+AF63 | AG17: =AG40+AG63 | AH17: =AH40+AH63 | AI17: =AI40+AI63 | AJ17: =AJ40+AJ63 | AK17: =AK40+AK63 | ... AZ17: =AZ40+AZ63
... C27: 기타 | D27: =D50+D73 | E27: =E50+E73 | F27: =F50+F73 | G27: =G50+G73 | H27: =H50+H73 | I27: =I50+I73 | J27: =J50+J73 | K27: =K50+K73 | ... O27: =O50+O73 | P27: =SUM(D27:O27) | Q27: =Q50+Q73 | R27: =R50+R73 | S27: =S50+S73 | T27: =T50+T73 | U27: =U50+U73 | V27: =V50+V73 | W27: =W50+W73 | X27: =X50+X73 | ... AB27: =AB50+AB73 | AC27: =SUM(Q27:AB27) | AD27: =AD50+AD73 | AE27: =AE50+AE73 | AF27: =AF50+AF73 | AG27: =AG50+AG73 | AH27: =AH50+AH73 | AI27: =AI50+AI73 | AJ27: =AJ50+AJ73 | AK27: =AK50+AK73 | ... AZ27: =AZ50+AZ73
B28: 제품1 | C28: 고정비 | D28: =SUM(D29:D50) | E28: =SUM(E29:E50) | F28: =SUM(F29:F50) | G28: =SUM(G29:G50) | H28: =SUM(H29:H50) | I28: =SUM(I29:I50) | J28: =SUM(J29:J50) | K28: =SUM(K29:K50) | ... O28: =SUM(O29:O50) | P28: =SUM(D28:O28) | Q28: =SUM(Q29:Q50) | R28: =SUM(R29:R50) | S28: =SUM(S29:S50) | T28: =SUM(T29:T50) | U28: =SUM(U29:U50) | V28: =SUM(V29:V50) | W28: =SUM(W29:W50) | X28: =SUM(X29:X50) | ... AB28: =SUM(AB29:AB50) | AC28: =SUM(Q28:AB28) | AD28: =SUM(AD29:AD50) | AE28: =SUM(AE29:AE50) | AF28: =SUM(AF29:AF50) | AG28: =SUM(AG29:AG50) | AH28: =SUM(AH29:AH50) | AI28: =SUM(AI29:AI50) | AJ28: =SUM(AJ29:AJ50) | AK28: =SUM(AK29:AK50) | ... AZ28: =SUM(AZ29:AZ50)
C29: 광고비 | D29: 16.688764 | E29: 24.320362 | F29: 27.693252 | G29: 59.73971 | H29: 17.328253 | I29: 4.420408 | J29: 53.552917 | K29: 34.693815 | L29: 42.703856 | M29: 17.328253 | N29: 19.366313 | O29: 53.552917 | P29: =SUM(D29:O29) | Q29: 11.908059 | R29: 28.31935 | S29: 29.236404 | T29: 29.176663 | U29: 11.908059 | V29: 20.228582 | W29: 31.618519 | X29: 9.25542 | Y29: 20.228582 | Z29: 7.709729 | AA29: 29.176663 | AB29: 4.420408 | AC29: =SUM(Q29:AB29) | AD29: 45.781502 | AE29: 48.688513 | AF29: 45.999024 | AG29: 48.688513 | AH29: 45.999024 | AI29: 48.688513 | AJ29: 110.82028 | AK29: 65.752867 | AL29: 65.752867 | AM29: 65.752867 | AN29: 65.752867 | AO29: 30.68119 | AP29: 139.35604 | AQ29: 139.35604 | AR29: 38.55797 | AS29: 75.621039 | AT29: 189.3059 | AU29: 149.35227 | AV29: 55.702692 | AW29: 55.702692 | AX29: 116.80714 | AY29: 55.702692 | AZ29: 116.80714
C30: 경시비 | D30: 16.688764 | E30: 29.383119 | F30: 37.173353 | G30: 19.602052 | H30: 37.737699 | I30: 24.320362 | J30: 27.693252 | K30: 34.833263 | L30: 31.618519 | M30: 73.146286 | N30: 17.242908 | O30: 37.111761 | P30: =SUM(D30:O30) | Q30: 31.618519 | R30: 15.438232 | S30: 17.328253 | T30: 59.73971 | U30: 14.656931 | V30: 28.31935 | W30: 17.328253 | X30: 29.236404 | Y30: 29.176663 | Z30: 37.173353 | AA30: 37.111761 | AB30: 32.499095 | AC30: =SUM(Q30:AB30) | AD30: 37.712732 | AE30: 37.06995 | AF30: 37.06995 | AG30: 37.06995 | AH30: 37.06995 | AI30: 37.06995 | AJ30: 65.771563 | AK30: 58.168763 | AL30: 58.168763 | AM30: 58.168763 | AN30: 58.168763 | AO30: 75.134578 | AP30: 75.323007 | AQ30: 75.323007 | AR30: 75.323007 | AS30: 75.323007 | AT30: 75.323007 | AU30: 66.94465 | AV30: 73.274613 | AW30: 73.274613 | AX30: 75.9798 | AY30: 73.274613 | AZ30: 75.9798
C31: 인건비 | D31: 33.084154 | E31: 37.111761 | F31: 73.146286 | G31: 32.499095 | H31: 19.366313 | I31: 17.328253 | J31: 33.084154 | K31: 34.693815 | L31: 37.173353 | M31: 36.206176 | N31: 17.242908 | O31: 18.643462 | P31: =SUM(D31:O31) | Q31: 31.618519 | R31: 53.552917 | S31: 16.688764 | T31: 24.126692 | U31: 21.007382 | V31: 42.703856 | W31: 17.328253 | X31: 59.73971 | Y31: 33.084154 | Z31: 21.007382 | AA31: 36.206176 | AB31: 16.215853 | AC31: =SUM(Q31:AB31) | AD31: 195.88768 | AE31: 310.19074 | AF31: 174.68291 | AG31: 310.19074 | AH31: 174.68291 | AI31: 310.19074 | AJ31: 444.59705 | AK31: 230.59842 | AL31: 230.59842 | AM31: 230.59842 | AN31: 230.59842 | AO31: 134.44411 | AP31: 451.65797 | AQ31: 451.65797 | AR31: 451.65797 | AS31: 451.65797 | AT31: 451.65797 | AU31: 231.45952 | AV31: 271.8703 | AW31: 271.8703 | AX31: 194.45673 | AY31: 271.8703 | AZ31: 194.45673
C32: 물류비 | D32: 18.643462 | E32: 33.084154 | F32: 35.296292 | G32: 18.643462 | H32: 31.618519 | I32: 32.499095 | J32: 53.552917 | K32: 21.007382 | L32: 11.908059 | M32: 39.526994 | N32: 19.366313 | O32: 9.25542 | P32: =SUM(D32:O32) | Q32: 21.007382 | R32: 28.31935 | S32: 37.737699 | T32: 28.31935 | U32: 73.146286 | V32: 9.25542 | W32: 17.242908 | X32: 37.194064 | Y32: 34.693815 | Z32: 27.693252 | AA32: 34.5171 | AB32: 21.007382 | AC32: =SUM(Q32:AB32) | AD32: 6.811171 | AE32: 21.12452 | AF32: 21.12452 | AG32: 21.12452 | AH32: 21.12452 | AI32: 21.12452 | AJ32: 29.399474 | AK32: 18.90738 | AL32: 18.90738 | AM32: 18.90738 | AN32: 18.90738 | AO32: 28.361229 | AP32: 24.843065 | AQ32: 24.843065 | AR32: 24.843065 | AS32: 24.843065 | AT32: 24.843065 | AU32: 19.901803 | AV32: 24.814958 | AW32: 24.814958 | AX32: 24.814958 | AY32: 24.814958 | AZ32: 24.814958
C33: 서비스비 | D33: 37.111761 | E33: 34.812547 | F33: 34.812547 | G33: 34.693815 | H33: 33.167683 | I33: 19.393389 | J33: 34.833263 | K33: 33.084154 | L33: 29.236404 | M33: 21.007382 | N33: 15.438232 | O33: 35.296292 | P33: =SUM(D33:O33) | Q33: 15.438232 | R33: 53.552917 | S33: 24.320362 | T33: 21.007382 | U33: 9.696059 | V33: 33.167683 | W33: 73.146286 | X33: 24.126692 | Y33: 9.25542 | Z33: 31.618519 | AA33: 16.688764 | AB33: 14.656931 | AC33: =SUM(Q33:AB33) | AD33: 12.999696 | AE33: 45.881635 | AF33: 45.881635 | AG33: 45.881635 | AH33: 45.881635 | AI33: 45.881635 | AJ33: 12.202052 | AK33: 31.427837 | AL33: 31.427837 | AM33: 31.427837 | AN33: 31.427837 | AO33: 24.932863 | AP33: 23.4532 | AQ33: 23.4532 | AR33: 23.4532 | AS33: 23.4532 | AT33: 23.4532 | AU33: 29.536459 | AV33: 59.138633 | AW33: 59.138633 | AX33: 59.138633 | AY33: 59.138633 | AZ33: 59.138633
C34: 지급수수료 | D34: 37.737699 | E34: 53.552917 | F34: 29.236404 | G34: 31.618519 | H34: 31.618519 | I34: 37.111761 | J34: 53.552917 | K34: 37.194064 | L34: 19.393389 | M34: 34.5171 | N34: 29.236404 | O34: 24.126692 | P34: =SUM(D34:O34) | Q34: 31.373747 | R34: 53.552917 | S34: 24.126692 | T34: 34.833263 | U34: 22.257288 | V34: 37.173353 | W34: 19.366313 | X34: 4.420408 | Y34: 18.643462 | Z34: 29.383119 | AA34: 16.215853 | AB34: 32.499095 | AC34: =SUM(Q34:AB34) | AD34: 72.105798 | AE34: 109.76448 | AF34: 109.76448 | AG34: 109.76448 | AH34: 109.76448 | AI34: 109.76448 | AJ34: 157.97849 | AK34: 69.545614 | AL34: 69.545614 | AM34: 69.545614 | AN34: 69.545614 | AO34: 54.93584 | AP34: 95.42741 | AQ34: 95.42741 | AR34: 95.42741 | AS34: 95.42741 | AT34: 95.42741 | AU34: 139.93462 | AV34: 39.428172 | AW34: 39.428172 | AX34: 227.01163 | AY34: 39.428172 | AZ34: 227.01163
C35: 감가상각비 | D35: 37.194064 | E35: 31.618519 | F35: 35.296292 | G35: 73.146286 | H35: 14.656931 | I35: 29.383119 | J35: 27.25241 | K35: 32.499095 | L35: 33.167683 | M35: 34.5171 | N35: 37.111761 | O35: 27.25241 | P35: =SUM(D35:O35) | Q35: 31.373747 | R35: 14.656931 | S35: 35.296292 | T35: 36.206176 | U35: 24.320362 | V35: 37.173353 | W35: 21.007382 | X35: 31.618519 | Y35: 34.812547 | Z35: 59.73971 | AA35: 25.333354 | AB35: 24.126692 | AC35: =SUM(Q35:AB35) | AD35: 87.213356 | AE35: 188.06511 | AF35: 188.06511 | AG35: 188.06511 | AH35: 188.06511 | AI35: 188.06511 | AJ35: 128.64772 | AK35: 188.06511 | AL35: 188.06511 | AM35: 188.06511 | AN35: 188.06511 | AO35: 44.41674 | AP35: 188.06511 | AQ35: 188.06511 | AR35: 188.06511 | AS35: 188.06511 | AT35: 188.06511 | AU35: 106.19607 | AV35: 188.06511 | AW35: 188.06511 | AX35: 96.74592 | AY35: 188.06511 | AZ35: 96.74592
C36: 로열티 | D36: 27.693252 | E36: 35.296292 | F36: 34.693815 | G36: 15.438232 | H36: 16.688764 | I36: 33.084154 | J36: 16.215853 | K36: 9.25542 | L36: 9.696059 | M36: 53.552917 | N36: 39.526994 | O36: 32.499095 | P36: =SUM(D36:O36) | Q36: 16.688764 | R36: 35.296292 | S36: 37.194064 | T36: 17.328253 | U36: 10.573024 | V36: 20.228582 | W36: 35.296292 | X36: 34.812547 | Y36: 24.296677 | Z36: 28.31935 | AA36: 17.328253 | AB36: 59.73971 | AC36: =SUM(Q36:AB36) | AD36: 2.773634 | AE36: 0.431617 | AF36: 0.431617 | AG36: 0.431617 | AH36: 0.431617 | AI36: 0.431617 | AJ36: 4.016015 | AK36: 3.44859 | AL36: 3.44859 | AM36: 3.44859 | AN36: 3.44859 | AO36: -0.899601 | AP36: 3.663459 | AQ36: 3.663459 | AR36: 3.663459 | AS36: 3.663459 | AT36: 3.663459 | AU36: 1.127328 | AV36: 2.365131 | AW36: 2.365131 | AX36: 2.967926 | AY36: 2.365131 | AZ36: 2.967926
C37: 소모품비 | D37: 11.908059 | E37: 24.296677 | F37: 37.111761 | G37: 16.215853 | H37: 17.328253 | I37: 21.007382 | J37: 35.296292 | K37: 37.111761 | L37: 20.103841 | M37: 9.25542 | N37: 27.693252 | O37: 27.25241 | P37: =SUM(D37:O37) | Q37: 17.242908 | R37: 42.703856 | S37: 35.296292 | T37: 34.693815 | U37: 22.257288 | V37: 59.73971 | W37: 34.812547 | X37: 27.25241 | Y37: 19.393389 | Z37: 33.084154 | AA37: 34.812547 | AB37: 24.296677 | AC37: =SUM(Q37:AB37) | AD37: 12.147245 | AE37: 6.110655 | AF37: 6.110655 | AG37: 6.110655 | AH37: 6.110655 | AI37: 6.110655 | AJ37: 3.756358 | AK37: 10.018118 | AL37: 10.018118 | AM37: 10.018118 | AN37: 10.018118 | AO37: 4.76023 | AP37: 5.931726 | AQ37: 5.931726 | AR37: 5.931726 | AS37: 5.931726 | AT37: 5.931726 | AU37: 21.646754 | AV37: 11.491494 | AW37: 11.491494 | AX37: 7.265538 | AY37: 11.491494 | AZ37: 7.265538
C38: 임차료 | D38: 32.499095 | E38: 14.656931 | F38: 39.526994 | G38: 17.328253 | H38: 35.296292 | I38: 34.693815 | J38: 37.194064 | K38: 59.73971 | L38: 11.908059 | M38: 17.328253 | N38: 37.194064 | O38: 9.696059 | P38: =SUM(D38:O38) | Q38: 16.688764 | R38: 20.103841 | S38: 4.420408 | T38: 33.167683 | U38: 14.656931 | V38: 17.242908 | W38: 34.812547 | X38: 31.618519 | Y38: 34.833263 | Z38: 34.833263 | AA38: 37.111761 | AB38: 24.320362 | AC38: =SUM(Q38:AB38) | AD38: 19.320945 | AE38: 13.872463 | AF38: 13.872463 | AG38: 13.872463 | AH38: 13.872463 | AI38: 13.872463 | AJ38: 28.358718 | AK38: 20.679463 | AL38: 20.679463 | AM38: 20.679463 | AN38: 20.679463 | AO38: 10.831927 | AP38: 22.278498 | AQ38: 22.278498 | AR38: 22.278498 | AS38: 22.278498 | AT38: 22.278498 | AU38: 18.873382 | AV38: 20.569504 | AW38: 20.569504 | AX38: 17.464422 | AY38: 20.569504 | AZ38: 17.464422
C39: 세금과공과 | D39: 37.111761 | E39: 34.693815 | F39: 42.703856 | G39: 16.215853 | H39: 35.296292 | I39: 31.618519 | J39: 42.703856 | K39: 39.526994 | L39: 21.007382 | M39: 17.242908 | N39: 31.618519 | O39: 31.373747 | P39: =SUM(D39:O39) | Q39: 34.5171 | R39: 32.499095 | S39: 14.656931 | T39: 19.602052 | U39: 11.908059 | V39: 19.366313 | W39: 33.167683 | X39: 36.206176 | Y39: 37.737699 | Z39: 20.228582 | AA39: 7.709729 | AB39: 36.206176 | AC39: =SUM(Q39:AB39) | AD39: 23.926037 | AE39: 17.935545 | AF39: 17.935545 | AG39: 17.935545 | AH39: 17.935545 | AI39: 17.935545 | AJ39: 12.118066 | AK39: 14.600014 | AL39: 14.600014 | AM39: 14.600014 | AN39: 14.600014 | AO39: 21.768485 | AP39: 13.305512 | AQ39: 13.305512 | AR39: 13.305512 | AS39: 13.305512 | AT39: 13.305512 | AU39: 13.950572 | AV39: 21.62219 | AW39: 21.62219 | AX39: 23.980135 | AY39: 21.62219 | AZ39: 23.980135
C40: IT. | D40: 42.703856 | E40: 9.25542 | F40: 35.296292 | G40: 53.552917 | H40: 9.696059 | I40: 24.320362 | J40: 53.552917 | K40: 39.526994 | L40: 24.320362 | M40: 21.007382 | N40: 14.656931 | O40: 20.103841 | P40: =SUM(D40:O40) | Q40: 29.383119 | R40: 15.438232 | S40: 42.703856 | T40: 19.602052 | U40: 33.167683 | V40: 34.5171 | W40: 35.296292 | X40: 29.383119 | Y40: 16.688764 | Z40: 18.643462 | AA40: 20.103841 | AB40: 59.73971 | AC40: =SUM(Q40:AB40) | AD40: 50.910216 | AE40: 34.480535 | AF40: 34.480535 | AG40: 34.480535 | AH40: 34.480535 | AI40: 34.480535 | AJ40: 107.19745 | AK40: 16.88072 | AL40: 16.88072 | AM40: 16.88072 | AN40: 16.88072 | AO40: 48.925833 | AP40: 20.189489 | AQ40: 20.189489 | AR40: 20.189489 | AS40: 20.189489 | AT40: 20.189489 | AU40: 56.929103 | AV40: 51.794698 | AW40: 51.794698 | AX40: 34.066364 | AY40: 51.794698 | AZ40: 34.066364
... C50: 기타 | D50: -3.427021 | E50: -7.119582 | F50: -16.966691 | G50: -15.204066 | H50: -7.119582 | I50: -7.119582 | J50: -17.488066 | K50: -6.804284 | L50: -17.488066 | M50: -15.204066 | N50: -8.091125 | O50: -15.204066 | P50: =SUM(D50:O50) | Q50: -3.427021 | R50: -16.966691 | S50: -15.204066 | T50: -8.091125 | U50: -3.427021 | V50: -7.119582 | W50: -6.804284 | X50: -15.204066 | Y50: -17.735068 | Z50: -6.732074 | AA50: -16.966691 | AB50: -7.119582 | AC50: =SUM(Q50:AB50) | AD50: -22.916873 | AE50: -44.521948 | AF50: -21.058774 | AG50: -44.521948 | AH50: -21.058774 | AI50: -44.521948 | AJ50: -49.797101 | AK50: -26.314601 | AL50: -26.314601 | AM50: -26.314601 | AN50: -26.314601 | AO50: -56.370179 | AP50: -40.500968 | AQ50: -40.500968 | AR50: -31.520182 | AS50: -31.520182 | AT50: -31.520182 | AU50: -24.199815 | AV50: -34.126181 | AW50: -34.126181 | AX50: -35.257745 | AY50: -34.126181 | AZ50: -35.257745
B51: 제품2 | C51: 고정비 | D51: =SUM(D52:D73) | E51: =SUM(E52:E73) | F51: =SUM(F52:F73) | G51: =SUM(G52:G73) | H51: =SUM(H52:H73) | I51: =SUM(I52:I73) | J51: =SUM(J52:J73) | K51: =SUM(K52:K73) | ... O51: =SUM(O52:O73) | P51: =SUM(D51:O51) | Q51: =SUM(Q52:Q73) | R51: =SUM(R52:R73) | S51: =SUM(S52:S73) | T51: =SUM(T52:T73) | U51: =SUM(U52:U73) | V51: =SUM(V52:V73) | W51: =SUM(W52:W73) | X51: =SUM(X52:X73) | ... AB51: =SUM(AB52:AB73) | AC51: =SUM(Q51:AB51) | AD51: =SUM(AD52:AD73) | AE51: =SUM(AE52:AE73) | AF51: =SUM(AF52:AF73) | AG51: =SUM(AG52:AG73) | AH51: =SUM(AH52:AH73) | AI51: =SUM(AI52:AI73) | AJ51: =SUM(AJ52:AJ73) | AK51: =SUM(AK52:AK73) | ... AZ51: =SUM(AZ52:AZ73)
C52: 광고비 | D52: 24.126692 | E52: 37.194064 | F52: 35.296292 | G52: 37.173353 | H52: 11.908059 | I52: 32.499095 | J52: 37.173353 | K52: 22.257288 | L52: 37.737699 | M52: 24.320362 | N52: 31.618519 | O52: 22.257288 | P52: =SUM(D52:O52) | Q52: 21.007382 | R52: 16.215853 | S52: 14.656931 | T52: 31.618519 | U52: 34.812547 | V52: 35.296292 | W52: -17.735068 | X52: 27.25241 | Y52: 33.084154 | Z52: 35.296292 | AA52: 29.236404 | AB52: 18.643462 | AC52: =SUM(Q52:AB52) | AD52: 4.070044 | AE52: 31.738033 | AF52: 20.410799 | AG52: 31.738033 | AH52: 20.410799 | AI52: 31.738033 | AJ52: 30.823488 | AK52: 9.475343 | AL52: 9.475343 | AM52: 9.475343 | AN52: 9.475343 | AO52: 12.35291 | AP52: 16.300144 | AQ52: 16.300144 | AR52: 21.109941 | AS52: 21.109941 | AT52: 16.658011 | AU52: 16.810966 | AV52: 18.410608 | AW52: 18.410608 | AX52: 50.303312 | AY52: 18.410608 | AZ52: 50.303312
C53: 경시비 | D53: 21.007382 | E53: 37.194064 | F53: 29.176663 | G53: 37.194064 | H53: 10.573024 | I53: 17.242908 | J53: 33.084154 | K53: 37.173353 | L53: 37.194064 | M53: 39.526994 | N53: 37.737699 | O53: 9.25542 | P53: =SUM(D53:O53) | Q53: 17.328253 | R53: 18.643462 | S53: 28.31935 | T53: 20.228582 | U53: 19.393389 | V53: 37.173353 | W53: 7.709729 | X53: 34.812547 | Y53: 29.236404 | Z53: 34.693815 | AA53: 10.573024 | AB53: 34.693815 | AC53: =SUM(Q53:AB53) | AD53: 27.69353 | AE53: 12.767782 | AF53: 12.767782 | AG53: 12.767782 | AH53: 12.767782 | AI53: 12.767782 | AJ53: 13.332548 | AK53: 18.857883 | AL53: 18.857883 | AM53: 18.857883 | AN53: 18.857883 | AO53: 13.108594 | AP53: 14.449746 | AQ53: 14.449746 | AR53: 14.449746 | AS53: 14.449746 | AT53: 14.449746 | AU53: 17.56079 | AV53: 8.094337 | AW53: 8.094337 | AX53: 8.094337 | AY53: 8.094337 | AZ53: 8.094337
C54: 인건비 | D54: 27.25241 | E54: 11.908059 | F54: 19.393389 | G54: 7.709729 | H54: 42.703856 | I54: 25.333354 | J54: 27.693252 | K54: 11.908059 | L54: 29.383119 | M54: 34.812547 | N54: 53.552917 | O54: 27.25241 | P54: =SUM(D54:O54) | Q54: 9.25542 | R54: 14.656931 | S54: 33.167683 | T54: 15.438232 | U54: 37.194064 | V54: 9.25542 | W54: 35.296292 | X54: 24.320362 | Y54: 22.257288 | Z54: 17.328253 | AA54: 14.656931 | AB54: 24.126692 | AC54: =SUM(Q54:AB54) | AD54: 31.002278 | AE54: 60.153599 | AF54: 60.153599 | AG54: 60.153599 | AH54: 60.153599 | AI54: 60.153599 | AJ54: 44.082918 | AK54: 32.043824 | AL54: 32.043824 | AM54: 32.043824 | AN54: 32.043824 | AO54: 53.330503 | AP54: 58.420379 | AQ54: 58.420379 | AR54: 58.420379 | AS54: 58.420379 | AT54: 58.420379 | AU54: 68.182529 | AV54: 112.15751 | AW54: 112.15751 | AX54: 112.15751 | AY54: 112.15751 | AZ54: 112.15751
C55: 물류비 | D55: 10.573024 | E55: 29.236404 | F55: 34.693815 | G55: 22.257288 | H55: 33.167683 | I55: 29.176663 | J55: 31.618519 | K55: 20.228582 | L55: 29.176663 | M55: 29.383119 | N55: 16.688764 | O55: 29.383119 | P55: =SUM(D55:O55) | Q55: 17.328253 | R55: 27.25241 | S55: 20.103841 | T55: 31.618519 | U55: 19.602052 | V55: 18.643462 | W55: 7.709729 | X55: 19.602052 | Y55: 16.215853 | Z55: 29.176663 | AA55: 16.688764 | AB55: 7.709729 | AC55: =SUM(Q55:AB55) | AD55: -2.239089 | AE55: 1.501438 | AF55: 1.501438 | AG55: 1.501438 | AH55: 1.501438 | AI55: 1.501438 | AJ55: 3.473892 | AK55: 1.501438 | AL55: 1.501438 | AM55: 1.501438 | AN55: 1.501438 | AO55: 1.29753 | AP55: 3.473892 | AQ55: 3.473892 | AR55: 3.473892 | AS55: 3.473892 | AT55: 3.473892 | AU55: 1.399687 | AV55: 3.473892 | AW55: 3.473892 | AX55: 1.29753 | AY55: 3.473892 | AZ55: 1.29753
C56: 서비스비 | D56: 20.103841 | E56: 25.333354 | F56: 19.366313 | G56: 73.146286 | H56: 36.206176 | I56: 4.420408 | J56: 39.526994 | K56: 7.709729 | L56: 19.366313 | M56: 29.176663 | N56: 37.737699 | O56: 34.5171 | P56: =SUM(D56:O56) | Q56: 35.296292 | R56: 24.126692 | S56: 17.242908 | T56: 19.602052 | U56: 53.552917 | V56: 14.656931 | W56: 59.73971 | X56: 35.296292 | Y56: 42.703856 | Z56: 33.167683 | AA56: 19.393389 | AB56: 18.643462 | AC56: =SUM(Q56:AB56) | AD56: 8.484106 | AE56: 8.019653 | AF56: 8.019653 | AG56: 8.019653 | AH56: 8.019653 | AI56: 8.019653 | AJ56: 6.533824 | AK56: 8.019653 | AL56: 8.019653 | AM56: 8.019653 | AN56: 8.019653 | AO56: 13.086268 | AP56: 6.533824 | AQ56: 6.533824 | AR56: 6.533824 | AS56: 6.533824 | AT56: 6.533824 | AU56: 11.306907 | AV56: 6.533824 | AW56: 6.533824 | AX56: 13.086268 | AY56: 6.533824 | AZ56: 13.086268
C57: 지급수수료 | D57: 33.084154 | E57: 17.328253 | F57: 29.383119 | G57: 19.366313 | H57: 25.333354 | I57: 53.552917 | J57: 17.328253 | K57: 42.703856 | L57: 25.333354 | M57: 42.703856 | N57: 37.173353 | O57: 34.833263 | P57: =SUM(D57:O57) | Q57: 32.499095 | R57: 29.383119 | S57: 15.438232 | T57: 34.833263 | U57: 42.703856 | V57: 22.257288 | W57: 24.296677 | X57: 34.693815 | Y57: 7.709729 | Z57: 37.737699 | AA57: 4.420408 | AB57: 29.236404 | AC57: =SUM(Q57:AB57) | AD57: 27.535188 | AE57: 74.215331 | AF57: 74.215331 | AG57: 74.215331 | AH57: 74.215331 | AI57: 74.215331 | AJ57: 73.252657 | AK57: 44.04265 | AL57: 44.04265 | AM57: 44.04265 | AN57: 44.04265 | AO57: 10.028028 | AP57: 18.017595 | AQ57: 18.017595 | AR57: 18.017595 | AS57: 18.017595 | AT57: 18.017595 | AU57: 16.485542 | AV57: 18.017595 | AW57: 18.017595 | AX57: 12.324437 | AY57: 18.017595 | AZ57: 12.324437
C58: 감가상각비 | D58: 37.173353 | E58: 27.693252 | F58: 15.438232 | G58: 37.194064 | H58: 37.173353 | I58: 31.618519 | J58: 37.111761 | K58: 37.173353 | L58: 16.688764 | M58: 37.111761 | N58: 59.73971 | O58: 53.552917 | P58: =SUM(D58:O58) | Q58: 33.167683 | R58: 14.656931 | S58: 32.499095 | T58: 19.366313 | U58: 17.328253 | V58: 34.693815 | W58: 21.007382 | X58: 59.73971 | Y58: 37.173353 | Z58: 20.103841 | AA58: 19.393389 | AB58: 19.393389 | AC58: =SUM(Q58:AB58) | AD58: 30.495111 | AE58: 14.046097 | AF58: 14.046097 | AG58: 14.046097 | AH58: 14.046097 | AI58: 14.046097 | AJ58: 11.190437 | AK58: 14.046097 | AL58: 14.046097 | AM58: 14.046097 | AN58: 14.046097 | AO58: 24.305517 | AP58: 11.190437 | AQ58: 11.190437 | AR58: 11.190437 | AS58: 11.190437 | AT58: 11.190437 | AU58: 17.982752 | AV58: 11.190437 | AW58: 11.190437 | AX58: 24.305517 | AY58: 11.190437 | AZ58: 24.305517
C59: 로열티 | D59: 20.103841 | E59: 16.688764 | F59: 31.373747 | G59: 31.618519 | H59: 19.602052 | I59: 22.257288 | J59: 34.5171 | K59: 29.176663 | L59: 32.499095 | M59: 24.126692 | N59: 29.383119 | O59: 59.73971 | P59: =SUM(D59:O59) | Q59: 34.812547 | R59: 31.373747 | S59: 39.526994 | T59: 17.328253 | U59: 16.688764 | V59: 27.693252 | W59: 19.602052 | X59: 27.25241 | Y59: 19.393389 | Z59: 37.194064 | AA59: 39.526994 | AB59: 0 | AC59: =SUM(Q59:AB59) | AD59: 2.955636 | AE59: 1.509258 | AF59: 1.509258 | AG59: 1.509258 | AH59: 1.509258 | AI59: 1.509258 | AJ59: 1.895698 | AK59: 1.509258 | AL59: 1.509258 | AM59: 1.509258 | AN59: 1.509258 | AO59: 4.399416 | AP59: 1.895698 | AQ59: 1.895698 | AR59: 1.895698 | AS59: 1.895698 | AT59: 1.895698 | AU59: 5.298103 | AV59: 1.895698 | AW59: 1.895698 | AX59: 4.399416 | AY59: 1.895698 | AZ59: 4.399416
C60: 소모품비 | D60: 16.215853 | E60: 18.643462 | F60: 29.383119 | G60: 34.812547 | H60: 24.296677 | I60: 34.5171 | J60: 42.703856 | K60: 35.296292 | L60: 31.373747 | M60: 42.703856 | N60: 19.393389 | O60: 17.242908 | P60: =SUM(D60:O60) | Q60: 28.31935 | R60: 33.084154 | S60: 10.573024 | T60: 16.688764 | U60: 59.73971 | V60: 33.084154 | W60: 9.25542 | X60: 9.25542 | Y60: 28.31935 | Z60: 24.126692 | AA60: 29.236404 | AB60: 27.693252 | AC60: =SUM(Q60:AB60) | AD60: 5.875513 | AE60: 4.28166 | AF60: 4.28166 | AG60: 4.28166 | AH60: 4.28166 | AI60: 4.28166 | AJ60: 1.996993 | AK60: 4.28166 | AL60: 4.28166 | AM60: 4.28166 | AN60: 4.28166 | AO60: 6.263167 | AP60: 1.996993 | AQ60: 1.996993 | AR60: 1.996993 | AS60: 1.996993 | AT60: 1.996993 | AU60: 1.948464 | AV60: 1.996993 | AW60: 1.996993 | AX60: 6.263167 | AY60: 1.996993 | AZ60: 6.263167
C61: 임차료 | D61: 9.25542 | E61: 16.215853 | F61: 24.126692 | G61: 35.296292 | H61: 4.420408 | I61: 53.552917 | J61: 7.709729 | K61: 4.420408 | L61: 59.73971 | M61: 37.737699 | N61: 34.833263 | O61: 9.696059 | P61: =SUM(D61:O61) | Q61: 20.103841 | R61: 31.373747 | S61: 24.296677 | T61: 29.236404 | U61: 4.420408 | V61: 31.618519 | W61: 19.393389 | X61: 37.111761 | Y61: 33.167683 | Z61: 29.383119 | AA61: 59.73971 | AB61: 33.167683 | AC61: =SUM(Q61:AB61) | AD61: 4.28166 | AE61: 4.112765 | AF61: 4.112765 | AG61: 4.112765 | AH61: 4.112765 | AI61: 4.112765 | AJ61: 9.269643 | AK61: 4.112765 | AL61: 4.112765 | AM61: 4.112765 | AN61: 4.112765 | AO61: 4.257788 | AP61: 9.269643 | AQ61: 9.269643 | AR61: 9.269643 | AS61: 9.269643 | AT61: 9.269643 | AU61: 2.219662 | AV61: 9.269643 | AW61: 9.269643 | AX61: 4.257788 | AY61: 9.269643 | AZ61: 4.257788
C62: 세금과공과 | D62: 20.103841 | E62: 29.176663 | F62: 53.552917 | G62: 39.526994 | H62: 16.215853 | I62: 59.73971 | J62: 29.236404 | K62: 37.111761 | L62: 59.73971 | M62: 18.643462 | N62: 34.812547 | O62: 19.366313 | P62: =SUM(D62:O62) | Q62: 53.552917 | R62: 22.257288 | S62: 31.373747 | T62: 35.296292 | U62: 37.173353 | V62: 19.602052 | W62: 42.703856 | X62: 19.602052 | Y62: 34.5171 | Z62: 10.573024 | AA62: 21.007382 | AB62: 35.296292 | AC62: =SUM(Q62:AB62) | AD62: 5.044061 | AE62: 2.85548 | AF62: 2.85548 | AG62: 2.85548 | AH62: 2.85548 | AI62: 2.85548 | AJ62: 2.352609 | AK62: 2.85548 | AL62: 2.85548 | AM62: 2.85548 | AN62: 2.85548 | AO62: 1.962477 | AP62: 2.352609 | AQ62: 2.352609 | AR62: 2.352609 | AS62: 2.352609 | AT62: 2.352609 | AU62: 3.010909 | AV62: 2.352609 | AW62: 2.352609 | AX62: 1.962477 | AY62: 2.352609 | AZ62: 1.962477
C63: IT. | D63: 27.25241 | E63: 53.552917 | F63: 19.393389 | G63: 37.194064 | H63: 7.709729 | I63: 24.126692 | J63: 20.103841 | K63: 37.737699 | L63: 16.215853 | M63: 9.25542 | N63: 31.373747 | O63: 19.393389 | P63: =SUM(D63:O63) | Q63: 18.643462 | R63: 16.688764 | S63: 7.709729 | T63: 53.552917 | U63: 29.176663 | V63: 39.526994 | W63: 34.5171 | X63: 34.693815 | Y63: 31.618519 | Z63: 31.373747 | AA63: 9.25542 | AB63: 25.333354 | AC63: =SUM(Q63:AB63) | AD63: 10.670847 | AE63: 15.928522 | AF63: 15.928522 | AG63: 15.928522 | AH63: 15.928522 | AI63: 15.928522 | AJ63: 25.511896 | AK63: 15.928522 | AL63: 15.928522 | AM63: 15.928522 | AN63: 15.928522 | AO63: 6.82552 | AP63: 25.511896 | AQ63: 25.511896 | AR63: 25.511896 | AS63: 25.511896 | AT63: 25.511896 | AU63: 15.17958 | AV63: 25.511896 | AW63: 25.511896 | AX63: 13.746379 | AY63: 25.511896 | AZ63: 13.746379
... C73: 기타 | D73: -17.488066 | E73: -6.804284 | F73: -8.091125 | G73: -6.732074 | H73: -6.732074 | I73: -17.546635 | J73: -17.735068 | K73: -6.804284 | L73: -17.735068 | M73: -17.546635 | N73: -17.488066 | O73: -16.966691 | P73: =SUM(D73:O73) | Q73: -16.966691 | R73: -3.427021 | S73: -17.488066 | T73: -3.427021 | U73: -3.427021 | V73: -17.546635 | W73: -8.091125 | X73: -6.732074 | Y73: -17.488066 | Z73: -3.427021 | AA73: -6.732074 | AB73: -8.091125 | AC73: =SUM(Q73:AB73) | AD73: -32.735171 | AE73: -17.106352 | AF73: -17.106352 | AG73: -17.106352 | AH73: -17.106352 | AI73: -17.106352 | AJ73: -7.246417 | AK73: -17.106352 | AL73: -17.106352 | AM73: -17.106352 | AN73: -17.106352 | AO73: -16.043194 | AP73: -17.106352 | AQ73: -17.106352 | AR73: -17.106352 | AS73: -17.106352 | AT73: -17.106352 | AU73: -8.536162 | AV73: -17.106352 | AW73: -17.106352 | AX73: -17.106352 | AY73: -17.106352 | AZ73: -17.106352
